거래번호,계좌번호,고객번호,도시,신용점수,가입일,계좌유형,잔액_USD,개설일,거래금액_USD,transaction_amount_numeric,거래일시,days_from_opening_to_transaction,days_from_signup_to_opening,date_logic_classification
TXNEENMT4D7JLSTY4,ACCH1YWWW9TT0Q1,CUS023QWAFS5VB1,Ericberg,618,2025-10-15 07:39:21,Savings,81305.28,2021-08-04 04:22:00,"$2,252.75",2252.75,2019-01-01 20:00:47,-945.3480671296296,-1533.1370486111111,Transaction before account opening
TXN2A0Y7NP74BA27O,ACC9L0YFOK3RHVE,CUS06ATN1VYTMIM,North Thomasburgh,472,2021-08-03 09:12:32,Savings,105892.97,2025-06-28 00:10:00,"$8,951.99",8951.99,2019-01-02 07:34:07,-2368.6915856481482,1424.6232407407408,Transaction before account opening
TXNR4NBZYEE61YFUU,ACCNOQA1TLUOOJK,CUS02XUUA5FJTDT,East Amanda,534,2025-08-27 03:16:29,Savings,51956.67,2024-08-09 16:45:00,"$8,071.15",8071.15,2019-01-02 09:37:39,-2046.2967708333333,-382.4385300925926,Transaction before account opening
TXNJ86CGNF58EOWIF,ACCCZ9XRBCLMYTL,CUS04XM9H1NY7C3,North Bryanside,680,2020-08-04 21:08:19,Checking,190497.93,2024-12-18 18:31:00,"$8,343.86",8343.86,2019-01-02 21:59:10,-2176.855439814815,1596.8907523148148,Transaction before account opening
TXN88LF0AA9MXHU1W,ACC0UX0KXA1DMVO,CUS057W2O5OLDV9,Suarezhaven,414,2022-10-27 04:46:17,Business,48514.33,2023-12-17 20:23:00,"$2,567.15",2567.15,2019-01-03 06:53:21,-1809.5622569444445,416.6504976851852,Transaction before account opening
TXNQ4348QJ47Z50KF,ACCABIJVUXPJYDV,CUS06OWK6PSGQ99,New Elizabethfurt,355,2024-05-03 01:22:07,Business,112754.6,2021-02-25 09:40:00,"$2,519.64",2519.64,2019-01-04 08:20:42,-783.0550694444445,-1162.6542476851853,Transaction before account opening
TXNEA7VNL79QEHXV6,ACC9D3A53AABPVU,CUS05PXT6RIDLOF,Kington,310,2019-01-01 06:53:09,Checking,59629.27,2020-06-22 19:21:00,"$2,208.66",2208.66,2019-01-04 15:52:03,-535.1451041666667,538.5193402777778,Transaction before account opening
TXN17QQT7Z4S8YUSK,ACCO6VKLH0VOHNR,CUS03WXTJ3ISNIJ,East Russell,820,2020-02-21 19:10:23,Business,7644.72,2022-03-23 19:51:00,$321.13,321.13,2019-01-05 03:11:50,-1173.6938657407406,761.0282060185185,Transaction before account opening
TXN2LZ3A5CI8UQ2NG,ACCR0XUXB77CH7K,CUS04RTM317B1O2,Torresshire,403,2025-01-01 15:40:27,Savings,24356.47,2022-03-10 20:06:00,"$8,395.34",8395.34,2019-01-05 18:22:52,-1160.0716203703703,-1027.8155902777778,Transaction before account opening
TXNOYN8SQ6WXEGU98,ACCYSJXFIJJMMS4,CUS06WPX2CYOS0F,Jameshaven,331,2020-03-19 14:24:30,Business,54906.88,2024-12-06 01:42:00,"$6,013.63",6013.63,2019-01-05 22:07:29,-2161.1489699074073,1722.470486111111,Transaction before account opening
TXNNLF96RU6JCXHAL,ACCSQMUED9NJ65L,CUS05D1O50UBZLQ,Gilbertside,670,2023-08-13 20:24:12,Savings,36456.52,2019-02-21 22:50:00,"$2,996.30",2996.3,2019-01-06 01:52:47,-46.87306712962963,-1633.89875,Transaction before account opening
TXNDV8JNMBLU7GT91,ACCEQ52FFY3A3JQ,CUS0545GN77K5Y0,Phamchester,603,2024-05-06 18:53:57,Business,57645.86,2019-07-12 14:41:00,"$6,600.16",6600.16,2019-01-06 11:54:18,-187.1157638888889,-1760.1756597222222,Transaction before account opening
TXNMW2P3EVRAJ1O4V,ACCVM791CZOB5RM,CUS00J9HGARKDPW,Thomaston,357,2021-02-05 12:27:00,Checking,138879.91,2021-07-19 08:36:00,"$4,624.86",4624.86,2019-01-06 20:43:14,-924.4949768518519,163.83958333333334,Transaction before account opening
TXNXZ42WKL84Z47X1,ACCZGIB9XGCYM09,CUS07PADW7X8OSU,Gomezside,840,2023-06-18 09:00:27,Savings,81323.31,2020-12-20 05:28:00,"$2,861.14",2861.14,2019-01-07 00:41:50,-713.1987268518518,-910.1475347222222,Transaction before account opening
TXNJBTOWTHFN1PD6F,ACC56QGRRHIQOZ7,CUS070H98YJZ29M,East Robert,527,2019-10-21 02:11:03,Savings,137578.81,2021-08-29 12:00:00,"$3,040.87",3040.87,2019-01-07 02:12:50,-965.4077546296296,678.4089930555556,Transaction before account opening
TXN4LRMAL5RVIOQG9,ACCXK7JZ0R4JMER,CUS069XU8SO2HSM,New Paulmouth,723,2020-08-12 21:24:31,Savings,57084.45,2024-06-03 19:30:00,"$8,617.29",8617.29,2019-01-07 06:33:40,-1974.5391203703705,1390.920474537037,Transaction before account opening
TXNXAFF8WFEXYN5KR,ACC0G37K26FRLJV,CUS06GJM01CB6QM,Lesterfort,705,2022-07-16 13:23:48,Business,9637.61,2024-04-05 18:40:00,"$5,045.60",5045.6,2019-01-08 19:40:41,-1913.9578587962963,629.2195833333334,Transaction before account opening
TXNCF9DTNRVYW3KGD,ACCBVI86LDB3JH0,CUS02TWKCAITNWZ,Port Sydneyton,326,2025-06-13 10:26:05,Checking,165451.24,2024-01-27 13:37:00,"$4,501.77",4501.77,2019-01-09 06:34:48,-1844.2931944444445,-502.8674189814815,Transaction before account opening
TXNLDQMEC949R1ATE,ACCQX7Y9T6H40DH,CUS06GJM01CB6QM,Lesterfort,705,2022-07-16 13:23:48,Business,92849.74,2023-04-28 15:04:00,"$4,571.23",4571.23,2019-01-09 10:20:50,-1570.1966435185186,286.06958333333336,Transaction before account opening
TXNUUEX3YA63XBPB7,ACC5061JJEA3GJB,CUS02M2WDUDI2LY,Riceport,543,2023-03-10 18:02:27,Savings,77827.99,2025-11-13 06:28:00,$68.59,68.59,2019-01-09 12:08:36,-2499.7634722222224,978.5177430555556,Transaction before account opening
TXNIDBG24PTNIUZJC,ACCABIJVUXPJYDV,CUS06OWK6PSGQ99,New Elizabethfurt,355,2024-05-03 01:22:07,Business,112754.6,2021-02-25 09:40:00,"$7,735.63",7735.63,2019-01-09 19:59:59,-777.5694560185185,-1162.6542476851853,Transaction before account opening
TXN25S0YT32EKSKO1,ACC89B21SXOA39X,CUS014W2D1L6BZ2,Lisaton,747,2019-12-13 22:12:03,Savings,120575.61,2023-09-06 23:45:00,"$9,552.20",9552.2,2019-01-10 18:26:40,-1700.2210648148148,1363.0645486111111,Transaction before account opening
TXNU90I3LGZUYH2A3,ACCAO3UXW6ZH56U,CUS06B7IL4Z0GLX,East Ryan,819,2024-12-02 15:19:06,Savings,171424.37,2025-12-29 07:33:00,"$9,833.46",9833.46,2019-01-11 16:58:00,-2543.6076388888887,391.67631944444446,Transaction before account opening
TXNJD7P71DDWKKETS,ACCO9GIHCX03X2Q,CUS05SA9C2LTWI0,North Sarahstad,505,2025-01-28 13:55:21,Checking,80022.54,2020-12-09 12:40:00,"$2,900.86",2900.86,2019-01-12 02:59:39,-697.4030208333334,-1511.0523263888888,Transaction before account opening
TXN8KZZT5V5Z0IX51,ACC9GHDRVFTBLDU,CUS034XSF3J9F1Z,New Seanstad,344,2024-02-29 11:14:54,Checking,111129.89,2025-12-07 22:19:00,"$6,791.60",6791.6,2019-01-12 04:43:26,-2521.7330324074073,647.4611805555555,Transaction before account opening
TXNUC4OGJM77SJMKH,ACC5J1W0NINOLMN,CUS06GJM01CB6QM,Lesterfort,705,2022-07-16 13:23:48,Checking,191386.12,2019-07-27 16:33:00,"$8,682.48",8682.48,2019-01-12 21:50:29,-195.77952546296297,-1084.868611111111,Transaction before account opening
TXN62Y6X1IP7H61VV,ACCBL10JD3EBYQ5,CUS0523HF4DWECA,Blairstad,485,2022-08-12 06:51:00,Savings,87163.9,2020-07-09 10:09:00,"$6,599.35",6599.35,2019-01-13 21:58:00,-542.5076388888889,-763.8625,Transaction before account opening
TXN0V9Z2VGVYX7YY9,ACCLRFCWLTETJ1V,CUS071PGACQK4TH,New Jimmyland,373,2024-08-02 09:41:36,Savings,84762.97,2020-06-11 09:45:00,"$7,209.69",7209.69,2019-01-14 02:09:29,-514.3163310185186,-1512.9976388888888,Transaction before account opening
TXNQJGZAXEX9O9805,ACCOZFFTH7A6MMQ,CUS04F9UQH0AJ3X,Thomasfurt,450,2021-03-28 17:40:45,Checking,113867.32,2020-10-23 15:37:00,"$2,194.09",2194.09,2019-01-14 11:37:36,-648.16625,-156.0859375,Transaction before account opening
TXN8DO420PLFUZUVK,ACCL2DM15JX3CLS,CUS048CCZGG6JHS,Forbesbury,475,2023-01-24 06:46:39,Checking,117648.21,2024-04-06 09:28:00,"$7,821.10",7821.1,2019-01-14 17:29:25,-1908.6656828703703,438.1120486111111,Transaction before account opening
TXNC8FAA57XB0LWPM,ACCHKWVJ867T36S,CUS06I5245EHJZP,Harringtonland,524,2020-11-30 14:01:57,Savings,87335.69,2023-03-21 11:40:00,"$8,161.52",8161.52,2019-01-15 19:08:38,-1525.688449074074,840.9014236111111,Transaction before account opening
TXNIP2QABVJ53AWAV,ACCK0XZECSVLAF3,CUS03NRY873EHRS,Murrayshire,806,2021-09-28 13:26:41,Business,57348.84,2025-07-31 04:43:00,"$9,418.13",9418.13,2019-01-16 01:58:39,-2388.1141319444446,1401.6363310185186,Transaction before account opening
TXNF3KWBXYPND9H43,ACCFFBTA57W3RLD,CUS010D5XJQTVM2,Vasquezfurt,535,2023-10-20 17:13:18,Business,30733.19,2025-10-05 12:48:00,"$6,793.58",6793.58,2019-01-16 02:33:27,-2454.426770833333,715.8157638888889,Transaction before account opening
TXN4WYNZXU308F4Q5,ACCH1M82CBLKTJQ,CUS02EH4R57YB8R,Jordanland,758,2023-04-21 05:00:56,Checking,92004.15,2024-03-21 17:53:00,"$2,726.89",2726.89,2019-01-16 03:39:28,-1891.5927314814815,335.5361574074074,Transaction before account opening
TXNTFFDIXX9KQUSL5,ACC17EZ4TDH7VWE,CUS06ATN1VYTMIM,North Thomasburgh,472,2021-08-03 09:12:32,Savings,170091.45,2020-11-21 09:31:00,"$9,977.55",9977.55,2019-01-16 05:58:57,-675.1472569444444,-254.98717592592592,Transaction before account opening
TXNTWCA1U0IOHAK7E,ACC67KEM3SR0EA2,CUS0184XTGD0MA1,Barnesville,466,2024-02-06 08:20:48,Savings,160743.67,2020-11-30 16:11:00,"$2,699.50",2699.5,2019-01-16 19:55:43,-683.8439467592592,-1162.6734722222222,Transaction before account opening
TXNT6EFVSA1HXO14C,ACCKXZSOCPIK10W,CUS023QWAFS5VB1,Ericberg,618,2025-10-15 07:39:21,Checking,93927.09,2023-10-04 13:55:00,NaN,NaN,2019-01-16 22:43:29,-1721.6329976851853,-741.7391319444445,Transaction before account opening
TXN6YSVMO11U9DMWJ,ACCMWJTJVBAJ2K4,CUS04ZJ3INSNI37,Thomastown,398,2022-03-28 08:15:13,Business,123496.8,2023-05-26 09:01:00,"$9,897.57",9897.57,2019-01-17 06:36:48,-1590.100138888889,424.0317939814815,Transaction before account opening
TXN776CWPFYN0480A,ACCOZFFTH7A6MMQ,CUS04F9UQH0AJ3X,Thomasfurt,450,2021-03-28 17:40:45,Checking,113867.32,2020-10-23 15:37:00,"$3,873.72",3873.72,2019-01-17 21:09:17,-644.7692476851852,-156.0859375,Transaction before account opening
TXNWX5INYJFSYT7OC,ACC70HEXMGUSHSB,CUS03GD9U4OFIAL,Kellychester,488,2023-12-12 02:25:36,Savings,54903.72,2020-11-13 07:24:00,"$2,942.63",2942.63,2019-01-18 09:49:18,-664.8990972222222,-1123.7927777777777,Transaction before account opening
TXN9W8LSYOLB3KKH8,ACC3S66OLI2ETGG,CUS067CSZVUTBT6,Hendersontown,302,2022-05-29 22:42:08,Checking,182987.4,2019-09-27 06:32:00,"$6,478.32",6478.32,2019-01-18 16:15:21,-251.59489583333334,-975.6737037037037,Transaction before account opening
TXNJ6G2FH3WGFCZ67,ACCXQ5UNKBN280A,CUS07RGTG3F09WI,Lake Alexandramouth,546,2024-09-05 18:57:35,Checking,8998.77,2021-04-23 02:30:00,"$8,829.29",8829.29,2019-01-19 10:33:42,-824.6640972222223,-1231.6858217592592,Transaction before account opening
TXNFDS97RIWFK2VCF,ACCHDGGLJ16JOVT,CUS01DDS123R4JZ,Port Sandraside,702,2025-02-27 18:49:52,Checking,172757.1,2024-04-17 14:14:00,"$8,582.06",8582.06,2019-01-21 11:37:26,-1913.1087268518518,-316.1915740740741,Transaction before account opening
TXNNWXJM538Y4YX1V,ACCTNC48X79AC9N,CUS04F9UQH0AJ3X,Thomasfurt,450,2021-03-28 17:40:45,Savings,143476.14,2022-07-01 08:45:00,"$7,047.30",7047.3,2019-01-21 12:51:36,-1256.82875,459.6279513888889,Transaction before account opening
TXN4J88V7U7BJGQJO,ACC4N2S1OAKNUE1,CUS06Y5MIHA8ZPL,Briannatown,369,2019-04-21 19:32:56,Checking,100564.91,2024-07-19 21:25:00,"$2,445.16",2445.16,2019-01-21 17:02:31,-2006.1822800925927,1916.077824074074,Transaction before account opening
TXNN7Q49ONVH74TSU,ACC5B0W5NI9CMYO,CUS05XIEV6TJIDX,New Jesus,833,2020-08-10 01:30:12,Business,6796.94,2024-09-04 17:33:00,"$9,909.19",9909.19,2019-01-21 21:45:56,-2052.824351851852,1486.6686111111112,Transaction before account opening
TXNDVXA49DZ4Z3QXF,ACCIPLHCXB2HUV9,CUS03U5B3EGIK5A,North Jonathanmouth,632,2020-07-08 21:47:06,Business,145107.16,2023-08-03 10:25:00,"$8,906.69",8906.69,2019-01-22 10:54:23,-1653.9795949074073,1120.5263194444444,Transaction before account opening
TXNELW6BNJLFGZW36,ACCN8V9ZJJ81SDU,CUS02EJN638KL32,Huffmanberg,387,2021-02-03 05:36:51,Savings,77632.81,2024-12-28 17:12:00,"$2,861.03",2861.03,2019-01-22 18:47:51,-2166.9334375,1424.4827430555556,Transaction before account opening
TXNZNGQWT0M09PQMZ,ACCQNP4RK160MC2,CUS05WZWG6XOHM5,Tiffanyport,627,2019-03-27 17:59:25,Checking,106895.73,2024-02-04 20:34:00,"$2,006.66",2006.66,2019-01-23 04:40:37,-1838.6620717592593,1775.107349537037,Transaction before account opening
TXN3M9WLO0RV0KRKA,ACCDZDGA8PXU8FX,CUS05T9OU30RGDJ,South Kimbury,800,2020-11-09 05:58:28,Savings,88148.61,2022-01-22 12:03:00,"$8,353.47",8353.47,2019-01-23 23:45:36,-1094.5120833333333,439.25314814814817,Transaction before account opening
TXN9QSDC24VCSAIM4,ACCPZKGFNGR8NF8,CUS04YP5AB98Z8B,West Jason,718,2023-05-27 04:26:14,Business,6484.06,2025-11-23 22:57:00,"$9,906.26",9906.26,2019-01-24 15:34:46,-2495.3071064814817,911.7713657407407,Transaction before account opening
TXN03W682RNB3TVOP,ACCPSSAXYH0TTGP,CUS03HCSGE2EIOH,Adrianatown,822,2022-01-09 05:03:34,Savings,55869.66,2022-08-12 21:26:00,"$3,070.87",3070.87,2019-01-25 10:55:18,-1295.437986111111,215.68224537037037,Transaction before account opening
TXN1U0MIZ281PXFX9,ACCVZX3WBU8J665,CUS05ZMKE6Q7UDC,Stewartshire,385,2019-09-22 12:03:34,Business,185873.46,2023-05-13 21:47:00,"$4,885.46",4885.46,2019-01-27 00:02:13,-1567.906099537037,1329.4051620370371,Transaction before account opening
TXNMUSWGTH4UBTA49,ACCD5406I3XCD44,CUS01CJGZJ67EKX,Benjaminton,837,2021-09-01 20:09:29,Business,168045.68,2022-03-30 05:10:00,"$6,852.62",6852.62,2019-01-27 00:24:04,-1158.1985648148147,209.3753587962963,Transaction before account opening
TXNIT31R96DJX5KLC,ACCLRFPJECLN1UY,CUS00TYFTH6OUXN,Leeberg,662,2021-06-21 06:33:24,Checking,77796.59,2022-10-09 11:56:00,"$6,882.89",6882.89,2019-01-27 03:08:51,-1351.3660763888888,475.2240277777778,Transaction before account opening
TXNQDWROOWCMVDKDD,ACCIRAHHX2T86UX,CUS04BNEYQB020F,Port Luisborough,763,2020-06-14 15:17:13,Savings,11568.58,2020-03-09 03:56:00,"$9,672.68",9672.68,2019-01-27 04:34:07,-406.97353009259257,-97.47306712962963,Transaction before account opening
TXNNQV7GUMW41DH81,ACCJKBCMPWIAQXC,CUS06WTOSVI4DPU,Port Danny,395,2020-01-05 09:48:49,Checking,110841.84,2022-09-24 07:39:00,$777.58,777.58,2019-01-27 14:01:46,-1335.7341898148147,992.9098495370371,Transaction before account opening
TXNDRNSYNJIAYH8I2,ACCC1L9KQVRHUNP,CUS03CXPLFDJG3S,North Tammy,406,2025-11-21 11:07:23,Savings,11704.75,2024-09-03 18:12:00,"$9,651.78",9651.78,2019-01-28 17:55:37,-2045.0113773148148,-443.70512731481483,Transaction before account opening
TXNBR4WCBK4EIS3QF,ACCNIAC7M1M5MQZ,CUS012X523QRP9B,Christinechester,522,2021-06-30 06:14:52,Checking,130861.78,2024-05-08 00:50:00,$957.58,957.58,2019-01-28 23:31:37,-1926.0544328703704,1042.774398148148,Transaction before account opening
TXNQO6ZHLRO7UWWD5,ACC1L3RLG8YLFYJ,CUS07FUOXZVGDLD,Rebeccatown,587,2023-09-23 21:57:29,Savings,169848.26,2022-02-25 12:22:00,"$9,820.26",9820.26,2019-01-30 00:23:11,-1122.4991782407408,-575.3996412037037,Transaction before account opening
TXNQDAT8VUYB58HAQ,ACCNJ652GRKULWU,CUS03GD9U4OFIAL,Kellychester,488,2023-12-12 02:25:36,Savings,108971.67,2020-05-17 16:48:00,"$2,001.33",2001.33,2019-01-30 18:49:32,-472.9156018518519,-1303.401111111111,Transaction before account opening
TXNMMCI21E5QF5UOV,ACC5B60KZS6MNPZ,CUS00OZ4U8N2LR4,Kevinberg,619,2025-04-30 15:38:26,Savings,108853.02,2020-06-17 07:09:00,"$5,989.23",5989.23,2019-01-30 23:07:18,-503.33451388888886,-1778.353773148148,Transaction before account opening
TXN4IKW6X53SA9L3T,ACC1XU3ILSHCEBJ,CUS06GJM01CB6QM,Lesterfort,705,2022-07-16 13:23:48,Business,198714.13,2022-05-01 03:20:00,"$8,982.25",8982.25,2019-01-31 01:07:26,-1186.0920601851851,-76.41930555555555,Transaction before account opening
TXNFQCRL2WYOOLDP2,ACCMQIGA3K0ICZ3,CUS05GLXSKT03Y0,Norrisport,615,2021-12-01 18:49:12,Checking,144176.11,2023-03-24 00:08:00,"$5,052.64",5052.64,2019-01-31 05:29:37,-1512.7766550925926,477.2213888888889,Transaction before account opening
TXNSC7KI3R5J09M36,ACCLRFCWLTETJ1V,CUS071PGACQK4TH,New Jimmyland,373,2024-08-02 09:41:36,Savings,84762.97,2020-06-11 09:45:00,"$8,880.51",8880.51,2019-01-31 12:21:22,-496.891412037037,-1512.9976388888888,Transaction before account opening
TXNMLEHI55NCC8YBB,ACCL7HDUVPECTCD,CUS05ZMKE6Q7UDC,Stewartshire,385,2019-09-22 12:03:34,Business,128319.27,2025-01-09 01:25:00,"$1,079.59",1079.59,2019-02-01 03:48:45,-2168.9001736111113,1935.5565509259259,Transaction before account opening
TXNMRBNJK40C9RJ50,ACCMHXVX0YY4EMF,CUS02YL8WCK7KCN,Courtneyland,502,2021-11-25 15:37:13,Business,127635.54,2024-05-03 08:25:00,"$6,632.34",6632.34,2019-02-03 12:55:00,-1915.8125,889.699849537037,Transaction before account opening
TXN0AWFW5EU21AOUP,ACCE9II6WKMMFFP,CUS01XZDUMMT2DI,Jonathanstad,359,2021-11-02 05:45:00,Savings,191154.15,2021-02-26 02:26:00,"$1,630.94",1630.94,2019-02-03 20:54:47,-753.2300115740741,-249.13819444444445,Transaction before account opening
TXNIFTE2KAH5P2D13,ACCI9B2SAPOOFJF,CUS06KR3N0HYTBA,Michaelland,431,2021-09-02 06:44:28,Business,79818.9,2024-11-07 13:48:00,"$1,229.63",1229.63,2019-02-04 13:45:57,-2103.001423611111,1162.2941203703704,Transaction before account opening
TXN4W24VKXJBMSCU5,ACCNJ652GRKULWU,CUS03GD9U4OFIAL,Kellychester,488,2023-12-12 02:25:36,Savings,108971.67,2020-05-17 16:48:00,"$5,020.33",5020.33,2019-02-04 23:50:42,-467.70645833333333,-1303.401111111111,Transaction before account opening
TXNWJ3787ACUSJAR7,ACCDDDR8TRPFK1I,CUS069XU8SO2HSM,New Paulmouth,723,2020-08-12 21:24:31,Savings,188690.3,2019-08-30 20:58:00,"$3,989.53",3989.53,2019-02-05 21:30:52,-205.97717592592593,-348.01841435185185,Transaction before account opening
TXNAGMQ1GWMBXJY97,ACCSB4OLLEU1YZH,CUS06DIMQZ300WZ,Danielmouth,655,2024-01-29 23:46:49,Savings,70406.06,2020-10-18 12:03:00,"$5,998.81",5998.81,2019-02-06 21:29:27,-619.6066319444444,-1198.488761574074,Transaction before account opening
TXN1O2E2U7FW9D790,ACCEDPZCDGCC7CE,CUS07HI8D8M3AER,Tracyborough,752,2019-01-06 02:05:06,Business,176295.02,2022-08-10 12:33:00,"$1,417.93",1417.93,2019-02-07 03:00:02,-1280.3978935185185,1312.4360416666666,Transaction before account opening
TXNLA1LM1IMS19C2B,ACCCZW3NWYCDBY4,CUS04FCUOSC6HRQ,South Davidland,666,2021-02-28 17:48:59,Business,23662.12,2023-11-01 05:01:00,NaN,NaN,2019-02-07 18:31:35,-1727.4370949074073,975.4666782407407,Transaction before account opening
TXNV53R4FIIKMVDJZ,ACCB4W5Q0OP7XEL,CUS00SCTYHTADEN,Jesseport,449,2025-11-22 00:53:00,Checking,89074.87,2024-11-22 22:29:00,"$5,052.68",5052.68,2019-02-08 13:43:03,-2114.3652430555558,-364.1,Transaction before account opening
TXNQG6KW5MB2H2V5H,ACC32DYP3O185WD,CUS04W773FQXEYG,Castroburgh,454,2022-11-16 14:06:54,Checking,193831.39,2023-10-23 14:53:00,"$9,858.25",9858.25,2019-02-08 22:20:52,-1717.6889814814815,341.0320138888889,Transaction before account opening
TXNSYV57EJSKM4EKF,ACC6AQD8CLVXEOT,CUS03BSBVY61YX4,Henryborough,464,2025-10-08 22:09:02,Savings,10023.28,2022-03-09 20:31:00,"$6,724.26",6724.26,2019-02-09 01:46:59,-1124.7805671296296,-1309.0680787037038,Transaction before account opening
TXNKDNIADWL0AOW6N,ACC5C9TDGJIDLCD,CUS03EC0SVLIIQ7,Port Laura,676,2024-11-10 06:20:36,Savings,177165.28,2019-07-23 01:32:00,"$5,505.16",5505.16,2019-02-09 14:40:49,-163.45221064814814,-1937.2004166666666,Transaction before account opening
TXNZJLI5J1VTQ7G9N,ACCBDHBH3UNN47T,CUS03G4H23TA015,Reedbury,779,2025-04-21 21:30:27,Checking,170944.69,2020-10-22 20:23:00,"$1,026.46",1026.46,2019-02-10 04:58:48,-620.6418055555556,-1642.0468402777778,Transaction before account opening
TXN1IC9HY0181SIP8,ACCBOOKLPE0PM2S,CUS06ZCYXQ6BWIZ,Andresmouth,733,2019-05-14 06:19:36,Business,125360.85,2023-07-04 14:55:00,"$9,144.26",9144.26,2019-02-10 05:17:04,-1605.4013425925925,1512.3579166666666,Transaction before account opening
TXNL6ZYH9I8WC2NHX,ACCLRSC7X93BK1T,CUS070D1W8PWI5H,West Matthew,787,2019-09-08 06:57:27,Savings,110451.39,2021-01-30 08:24:00,"$9,129.16",9129.16,2019-02-10 19:44:28,-719.5274537037037,510.0601041666667,Transaction before account opening
TXNAT9ZUP2R1QJTIK,ACCBOOKLPE0PM2S,CUS06ZCYXQ6BWIZ,Andresmouth,733,2019-05-14 06:19:36,Business,125360.85,2023-07-04 14:55:00,"$1,567.93",1567.93,2019-02-11 00:02:43,-1604.6196412037036,1512.3579166666666,Transaction before account opening
TXNORKARXPR4YFS4M,ACCLO2UFJM2OBZG,CUS02UQ2RZSH856,Ashleyberg,572,2020-06-12 13:56:00,Savings,173195.55,2021-02-22 19:18:00,"$5,537.57",5537.57,2019-02-11 05:04:35,-742.592650462963,255.2236111111111,Transaction before account opening
TXNHNTOMFPRMW9KO7,ACCIYFDZMPSZBER,CUS05Q1ZOWS17PQ,Singhstad,400,2025-10-12 00:32:10,Business,104388.74,2025-11-17 18:00:00,"$9,527.78",9527.78,2019-02-11 05:31:12,-2471.52,36.727662037037035,Transaction before account opening
TXN0YF1OV0M8QJYNB,ACCCDQPQ8G0MPT0,CUS04F9UQH0AJ3X,Thomasfurt,450,2021-03-28 17:40:45,Business,77617.25,2023-10-31 01:17:00,"$6,891.24",6891.24,2019-02-11 11:33:42,-1722.571736111111,946.3168402777778,Transaction before account opening
TXNOT7XX3DS1EJGJ6,ACC8RQTRYMQURKL,CUS013H6Y8UAEJU,Port Casey,680,2024-02-16 03:23:39,Business,62709.97,2023-11-28 07:45:00,$326.68,326.68,2019-02-11 12:17:16,-1750.8109259259259,-79.81850694444445,Transaction before account opening
TXN3SNO7KXT5T11ZR,ACCV9U1KP09SW2N,CUS01YLOQBPOZ3F,Ianhaven,785,2019-03-14 08:57:19,Savings,45737.02,2024-07-25 03:26:00,"$9,880.06",9880.06,2019-02-11 21:47:02,-1990.2353935185185,1959.7699189814814,Transaction before account opening
TXNFULTUE3P8XUKZ3,ACCDZDGA8PXU8FX,CUS05T9OU30RGDJ,South Kimbury,800,2020-11-09 05:58:28,Savings,88148.61,2022-01-22 12:03:00,"$3,473.11",3473.11,2019-02-12 03:17:27,-1075.3649652777779,439.25314814814817,Transaction before account opening
TXNKM0KPFML7818PD,ACCXTR4XQTR6MP6,CUS05HXBT60AF2I,North Lydia,846,2021-10-27 22:04:26,Business,116086.53,2024-02-11 15:25:00,"$4,408.08",4408.08,2019-02-12 15:16:54,-1825.005625,836.7226157407407,Transaction before account opening
TXN6ARQGQ1GAMNJEE,ACCGRO79NNA1X36,CUS045YMLP9JRMF,West Danielshire,302,2025-09-27 11:31:48,Checking,54649.67,2020-10-08 20:18:00,$113.61,113.61,2019-02-13 16:11:10,-603.171412037037,-1814.6345833333332,Transaction before account opening
TXN5V36NX4GDIX0W3,ACCABIJVUXPJYDV,CUS06OWK6PSGQ99,New Elizabethfurt,355,2024-05-03 01:22:07,Business,112754.6,2021-02-25 09:40:00,"$7,143.05",7143.05,2019-02-13 16:19:47,-742.7223726851852,-1162.6542476851853,Transaction before account opening
TXNURP0XBTY13FF3I,ACCLRSC7X93BK1T,CUS070D1W8PWI5H,West Matthew,787,2019-09-08 06:57:27,Savings,110451.39,2021-01-30 08:24:00,$70.40,70.4,2019-02-15 05:40:41,-715.1134143518518,510.0601041666667,Transaction before account opening
TXN832534XN9ZZIJC,ACCYHVSOAD9IXCB,CUS070D1W8PWI5H,West Matthew,787,2019-09-08 06:57:27,Savings,135979.84,2020-12-26 11:06:00,"$9,281.68",9281.68,2019-02-15 05:51:29,-680.2184143518518,475.17260416666664,Transaction before account opening
TXNJX774FAZ2NYH5L,ACC1RH39G37OQN0,CUS00XXNR0NYUUP,Stokeston,689,2023-06-09 21:14:26,Checking,21147.22,2022-11-08 22:07:00,"$1,373.23",1373.23,2019-02-16 04:49:01,-1361.7208217592593,-212.96349537037037,Transaction before account opening
TXNSU9EZDHQ4TGE8X,ACCVTNA80O13SQC,CUS01E9T0QCSDQU,Lake Justinstad,651,2022-03-27 03:55:13,Savings,90821.86,2022-06-14 06:43:00,$899.78,899.78,2019-02-16 17:48:13,-1213.5380439814815,79.11651620370371,Transaction before account opening
TXNLE9H18NU3PYLSE,ACC8X1VBKV720XI,CUS03CXPLFDJG3S,North Tammy,406,2025-11-21 11:07:23,Business,33645.97,2024-11-26 13:04:00,"$2,101.65",2101.65,2019-02-17 09:37:18,-2109.143541666667,-359.9190162037037,Transaction before account opening
TXNN1TAO52FKN2EMK,ACC4UT0L3EZUSKA,CUS07CKWYZ9CB6O,Samuelbury,646,2019-01-14 12:19:28,Business,35589.76,2021-01-09 03:53:00,"$3,713.85",3713.85,2019-02-18 09:51:33,-690.7510069444445,725.648287037037,Transaction before account opening
TXN0EKFPEXJV3O8N6,ACCE3SFWLSKIC0U,CUS02REUAIUNL09,East Hollyburgh,660,2020-03-25 06:10:51,Savings,56531.1,2023-06-27 10:22:00,$602.43,602.43,2019-02-20 12:05:28,-1587.9281481481482,1189.1744097222222,Transaction before account opening
TXNBMN6TI5O5NK2NE,ACC8QE45G2Q6963,CUS04A2RR4OL58H,Collinsmouth,352,2023-08-06 02:43:22,Savings,143803.66,2024-07-02 17:05:00,"$7,316.42",7316.42,2019-02-20 17:23:21,-1958.9872569444444,331.59835648148146,Transaction before account opening
TXN2OQVYH2WQISFEC,ACCK0XZECSVLAF3,CUS03NRY873EHRS,Murrayshire,806,2021-09-28 13:26:41,Business,57348.84,2025-07-31 04:43:00,$243.82,243.82,2019-02-21 00:55:53,-2352.157719907407,1401.6363310185186,Transaction before account opening
TXNCY81U4V8PBOGV6,ACCKZR3S42SD520,CUS02ZPMZRBEGLE,Alexanderbury,369,2025-10-19 10:31:11,Savings,139899.34,2025-12-20 09:02:00,"$5,343.64",5343.64,2019-02-21 08:46:39,-2494.010659722222,61.93806712962963,Transaction before account opening
TXNDKOLZQ9EHD4HVX,ACCVDBPJMU8P0XB,CUS02D8VJLZF31E,New Colleenfurt,428,2019-06-05 00:14:06,Checking,158432.81,2024-04-06 09:12:00,"$7,132.84",7132.84,2019-02-22 11:48:15,-1869.8914930555557,1767.3735416666666,Transaction before account opening
TXN759BUAV9FIH56M,ACCU5I29F8YTW90,CUS07HI8D8M3AER,Tracyborough,752,2019-01-06 02:05:06,Business,87716.84,2020-06-16 17:57:00,"$4,481.92",4481.92,2019-02-22 23:09:44,-479.7828240740741,527.6610416666666,Transaction before account opening
TXNF2K0Z7O8GUBI19,ACCTUK68Q8ELVON,CUS06WTOSVI4DPU,Port Danny,395,2020-01-05 09:48:49,Checking,117244.44,2023-05-31 03:08:00,"$9,642.83",9642.83,2019-02-23 01:17:55,-1558.0764467592592,1241.7216550925925,Transaction before account opening
TXNACZIAHTZ55S7QL,ACCL2DM15JX3CLS,CUS048CCZGG6JHS,Forbesbury,475,2023-01-24 06:46:39,Checking,117648.21,2024-04-06 09:28:00,"$8,826.65",8826.65,2019-02-24 08:12:43,-1868.0522800925926,438.1120486111111,Transaction before account opening
TXN6EEUX617LENZB9,ACCBMK4URX1N2LX,CUS032J1LVKIYTR,Jacquelinemouth,607,2019-03-26 00:14:47,Business,182974.73,2024-10-28 03:54:00,"$5,147.78",5147.78,2019-02-24 08:37:37,-2072.8030439814816,2043.1522337962963,Transaction before account opening
TXN7BE91ZL5JF2R14,ACCS3UCHUUO4ZPP,CUS07LRDXTKO9YR,Harveymouth,312,2024-02-13 20:06:02,Savings,152486.29,2020-08-08 04:09:00,"$4,204.05",4204.05,2019-02-24 15:38:18,-530.5213194444444,-1284.6646064814815,Transaction before account opening
TXNCVN5215QSIKPZ9,ACC8QE45G2Q6963,CUS04A2RR4OL58H,Collinsmouth,352,2023-08-06 02:43:22,Savings,143803.66,2024-07-02 17:05:00,$896.95,896.95,2019-02-25 00:04:32,-1954.7086574074074,331.59835648148146,Transaction before account opening
TXNB10I9FB1CEPU5L,ACCGERXNP919BTC,CUS07CVDEKNKOQC,Mayshire,797,2021-08-03 15:48:57,Business,30773.93,2024-03-24 04:49:00,"$6,612.67",6612.67,2019-02-25 05:10:54,-1853.9847916666668,963.5417013888889,Transaction before account opening
TXNY1MFKKW2AA5TS7,ACCTZKPQJ226EKN,CUS069XU8SO2HSM,New Paulmouth,723,2020-08-12 21:24:31,Checking,894.7,2025-02-07 18:58:00,"$7,048.80",7048.8,2019-02-25 05:36:35,-2174.556539351852,1639.8982523148147,Transaction before account opening
TXNS3HBOFOPCD0101,ACCXTR43LHHR6TS,CUS079NKJ6C24U2,New Ethan,677,2025-12-07 01:40:11,Business,161559.74,2025-05-25 01:56:00,NaN,NaN,2019-02-25 20:51:23,-2280.211539351852,-195.9890162037037,Transaction before account opening
TXNZDNC7P9F92OQ3B,ACCATEY9QK6O8HC,CUS05SDDQRFKQML,Watsonmouth,734,2021-05-23 14:17:00,Checking,115335.47,2023-10-19 17:01:00,"$5,456.45",5456.45,2019-02-26 01:10:59,-1696.6597337962962,879.1138888888889,Transaction before account opening
TXNEN039FPFZF00OG,ACC17G7CJNUFGQL,CUS066JOF3V7NQ2,South Wendyside,829,2020-03-17 03:34:51,Business,41729.16,2021-04-06 08:10:00,"$5,504.46",5504.46,2019-02-27 01:48:58,-769.2646064814815,385.1910763888889,Transaction before account opening
TXNBBTONRV7TQCBPE,ACCY4SF3NNYBRTH,CUS0205TA6SV1AH,Ashleyton,445,2023-09-23 22:55:45,Business,55300.56,2020-02-10 06:58:00,"$1,259.10",1259.1,2019-02-27 20:49:18,-347.42270833333333,-1321.6651041666667,Transaction before account opening
TXNXMC7SH3FHDCT1S,ACCY98RS1AQKGKO,CUS00IRYWKCIAI3,Thomasville,763,2024-05-14 15:07:33,Savings,84340.31,2022-12-21 15:43:00,"$9,430.24",9430.24,2019-02-28 08:28:26,-1392.3017824074075,-509.97538194444445,Transaction before account opening
TXNBKU9YUWG1NQNPN,ACCZD4LC60N8GWZ,CUS07HF4XRTTOVP,North Steventown,333,2019-11-14 16:35:55,Savings,105686.25,2022-10-31 08:06:00,"$7,004.41",7004.41,2019-03-01 05:43:53,-1340.0986921296296,1081.6458912037037,Transaction before account opening
TXNQB2J08C7VRQQXG,ACCK1MNQGYIEGRB,CUS032J1LVKIYTR,Jacquelinemouth,607,2019-03-26 00:14:47,Savings,65084.45,2022-07-18 18:04:00,"$5,215.82",5215.82,2019-03-01 08:10:13,-1235.412349537037,1210.7425115740741,Transaction before account opening
TXNAWGNRN75FLTS2Y,ACC7AS993CUS43T,CUS01QF9KNJXV0D,West Lisa,577,2024-05-10 10:58:47,Business,171211.99,2024-10-27 10:47:00,$669.94,669.94,2019-03-01 12:02:40,-2066.9474537037036,169.99181712962962,Transaction before account opening
TXNPMJWSGSUA2WFPN,ACCBKR9VHK4DMJK,CUS07140K36FAOP,Ruizton,784,2021-12-18 03:39:51,Business,18617.12,2020-07-25 03:06:00,"$6,440.50",6440.5,2019-03-01 20:34:43,-511.271724537037,-511.0235069444444,Transaction before account opening
TXNA8B95VHI20PRJF,ACC70HEXMGUSHSB,CUS03GD9U4OFIAL,Kellychester,488,2023-12-12 02:25:36,Savings,54903.72,2020-11-13 07:24:00,"$7,937.79",7937.79,2019-03-02 05:56:30,-622.0607638888889,-1123.7927777777777,Transaction before account opening
TXNWM7U53POR6RG0R,ACCI9B2SAPOOFJF,CUS06KR3N0HYTBA,Michaelland,431,2021-09-02 06:44:28,Business,79818.9,2024-11-07 13:48:00,"$1,567.41",1567.41,2019-03-02 11:15:13,-2077.106099537037,1162.2941203703704,Transaction before account opening
TXNI9RUU6C7C6I0V5,ACCQ68I6XD3CXFX,CUS066JOF3V7NQ2,South Wendyside,829,2020-03-17 03:34:51,Checking,44736.28,2024-06-14 05:57:00,"$7,486.16",7486.16,2019-03-02 11:38:46,-1930.762662037037,1550.0987152777777,Transaction before account opening
TXNAN8QMNW508QIC3,ACCE9II6WKMMFFP,CUS01XZDUMMT2DI,Jonathanstad,359,2021-11-02 05:45:00,Savings,191154.15,2021-02-26 02:26:00,"$4,272.30",4272.3,2019-03-03 01:22:50,-726.0438657407408,-249.13819444444445,Transaction before account opening
TXNGVUTVF6MX05QTE,ACCX1GPH46MY2H4,CUS00AO13A3Q5FO,Sheriside,686,2019-05-27 09:28:46,Checking,103317.44,2023-11-08 18:36:00,"$6,001.84",6001.84,2019-03-03 02:31:21,-1711.6698958333334,1626.3800231481482,Transaction before account opening
TXNFI5X7YGYMA1MTB,ACC8RQTRYMQURKL,CUS013H6Y8UAEJU,Port Casey,680,2024-02-16 03:23:39,Business,62709.97,2023-11-28 07:45:00,"$4,220.24",4220.24,2019-03-03 12:45:47,-1730.7911226851852,-79.81850694444445,Transaction before account opening
TXNJNAHRZ5PR9OUTE,ACC6ILODSMOT1XU,CUS01M0WESLLT4O,South Adrian,739,2022-12-23 19:26:55,Business,45559.23,2019-12-12 19:24:00,"$7,818.47",7818.47,2019-03-04 00:31:07,-283.78672453703706,-1107.002025462963,Transaction before account opening
TXNKX77LVMFTLCXO8,ACCEO4OI534ZJ2M,CUS04LD3Z10PX2L,Ingramberg,559,2022-01-04 07:32:23,Checking,179445.27,2024-03-15 08:07:00,"$2,272.23",2272.23,2019-03-05 00:31:25,-1837.3163773148149,801.0240393518518,Transaction before account opening
TXND3DKBA4Z9HYI3C,ACCBDHBH3UNN47T,CUS03G4H23TA015,Reedbury,779,2025-04-21 21:30:27,Checking,170944.69,2020-10-22 20:23:00,"$6,078.69",6078.69,2019-03-05 03:57:49,-597.6841550925926,-1642.0468402777778,Transaction before account opening
TXNEKCSV3UAO6FCH3,ACC66UIZY6A5U83,CUS066JOF3V7NQ2,South Wendyside,829,2020-03-17 03:34:51,Checking,68766.07,2024-03-06 16:09:00,"$1,273.26",1273.26,2019-03-05 10:15:48,-1828.2452777777778,1450.5237152777777,Transaction before account opening
TXNQGK55PDPWQSMOJ,ACCKG67XWW10YIO,CUS04DBO6BZ2RU3,Allentown,398,2025-06-22 20:48:40,Checking,132234.09,2025-08-17 09:12:00,"$2,322.22",2322.22,2019-03-05 22:10:51,-2356.4591319444444,55.5162037037037,Transaction before account opening
TXNSBP8HS7O17RGB0,ACCQAW5JYSEL9A1,CUS039RA0CUEIVN,New Jeffreyburgh,457,2022-05-03 11:33:09,Savings,173169.98,2024-12-30 12:02:00,"$9,353.36",9353.36,2019-03-06 06:06:07,-2126.247141203704,972.0200347222222,Transaction before account opening
TXNKCAG08GCRY9SFS,ACCTJ0VVRC7G26B,CUS014W2D1L6BZ2,Lisaton,747,2019-12-13 22:12:03,Checking,116419.24,2019-08-24 00:21:00,"$7,525.19",7525.19,2019-03-06 12:07:35,-170.50931712962964,-111.91045138888889,Transaction before account opening
TXNY4FCXQFARJAQKN,ACCX1GPH46MY2H4,CUS00AO13A3Q5FO,Sheriside,686,2019-05-27 09:28:46,Checking,103317.44,2023-11-08 18:36:00,"$5,185.85",5185.85,2019-03-07 01:24:11,-1707.716539351852,1626.3800231481482,Transaction before account opening
TXNCMCUKE3J7HLYZX,ACCN36T03UA6NBI,CUS00VZKTHVLF7U,Port Bob,496,2024-11-10 02:16:03,Business,145147.36,2025-04-03 19:31:00,"$3,908.35",3908.35,2019-03-07 02:16:29,-2219.718414351852,144.7187152777778,Transaction before account opening
TXNY33G5SLBB1HXZT,ACCPJEQGELWMY7P,CUS07G5GBEYRK1F,Port Anne,513,2021-02-01 02:36:11,Savings,20974.16,2019-08-31 02:27:00,$665.30,665.3,2019-03-07 06:25:16,-176.83453703703702,-520.0063773148148,Transaction before account opening
TXNJZSZFRRR981N2V,ACC4D3LKDRFE738,CUS00W1TJLOCM2X,Lake Carlosside,371,2020-03-24 10:10:06,Checking,133241.84,2025-12-08 22:47:00,"$5,918.49",5918.49,2019-03-08 11:17:21,-2467.478923611111,2085.525625,Transaction before account opening
TXNKHNBHXVIJZ56N2,ACCT44KVI6GMMMK,CUS07NJ8A2E3WM5,North Maria,763,2021-11-06 10:03:10,Savings,176727.66,2023-04-09 07:34:00,$20.23,20.23,2019-03-08 15:17:35,-1492.6780671296297,518.8964120370371,Transaction before account opening
TXNGA1IDAQBS57025,ACCXK7JZ0R4JMER,CUS069XU8SO2HSM,New Paulmouth,723,2020-08-12 21:24:31,Savings,57084.45,2024-06-03 19:30:00,"$6,322.55",6322.55,2019-03-08 15:48:36,-1914.15375,1390.920474537037,Transaction before account opening
TXNQZPWHYX3OPIH4L,ACCZ4SGAGT0KR1W,CUS079MYVS07VT6,Shannonbury,539,2020-04-16 02:47:45,Savings,86601.15,2025-08-13 17:50:00,"$2,897.63",2897.63,2019-03-09 20:55:51,-2348.8709375,1945.6265625,Transaction before account opening
TXN26XJT9N6J5MD3A,ACCFFBTA57W3RLD,CUS010D5XJQTVM2,Vasquezfurt,535,2023-10-20 17:13:18,Business,30733.19,2025-10-05 12:48:00,"$7,327.98",7327.98,2019-03-10 02:36:40,-2401.424537037037,715.8157638888889,Transaction before account opening
TXNSBBP6AI1H63AR8,ACCBKR9VHK4DMJK,CUS07140K36FAOP,Ruizton,784,2021-12-18 03:39:51,Business,18617.12,2020-07-25 03:06:00,"$7,414.97",7414.97,2019-03-11 13:05:19,-501.5838078703704,-511.0235069444444,Transaction before account opening
TXNAENJI9I3OUW3XQ,ACCRJZBEELK5QUR,CUS041AO2YTVWUM,Port Alyssa,452,2024-03-25 03:40:29,Business,113550.48,2020-07-20 09:40:00,"$5,472.35",5472.35,2019-03-12 02:31:39,-496.2974652777778,-1343.7503356481482,Transaction before account opening
TXN4QIXG4MDTKNSFR,ACC0H3KHQ0G5IRA,CUS07ODQH3NYZXB,North Benjamin,495,2023-04-12 16:28:56,Checking,121288.6,2020-08-27 19:45:00,"$9,712.81",9712.81,2019-03-12 13:34:59,-534.2569560185185,-957.8638425925926,Transaction before account opening
TXNUVRCVZ8JTBQS7F,ACC5I6I47C5II7I,CUS04RTM317B1O2,Torresshire,403,2025-01-01 15:40:27,Savings,38823.13,2022-06-27 05:41:00,"$3,851.48",3851.48,2019-03-12 15:56:38,-1202.572476851852,-919.4162847222223,Transaction before account opening
TXNBRCIQK628LATFI,ACCMWJTJVBAJ2K4,CUS04ZJ3INSNI37,Thomastown,398,2022-03-28 08:15:13,Business,123496.8,2023-05-26 09:01:00,"$6,803.65",6803.65,2019-03-12 21:33:56,-1535.4771296296296,424.0317939814815,Transaction before account opening
TXNZARA49AF0LNEYD,ACCL5P1HR2PTYKH,CUS02G08L63KY75,East Victoria,569,2023-10-13 15:33:50,Business,161334.25,2021-03-07 19:23:00,"$2,428.12",2428.12,2019-03-13 00:54:42,-725.7696527777778,-949.8408564814815,Transaction before account opening
TXN4WXI7FI333KEI0,ACC89B21SXOA39X,CUS014W2D1L6BZ2,Lisaton,747,2019-12-13 22:12:03,Savings,120575.61,2023-09-06 23:45:00,"$4,942.30",4942.3,2019-03-13 03:10:32,-1638.8572685185186,1363.0645486111111,Transaction before account opening
TXN5LJER1KUA8G64W,ACCIYFDZMPSZBER,CUS05Q1ZOWS17PQ,Singhstad,400,2025-10-12 00:32:10,Business,104388.74,2025-11-17 18:00:00,NaN,NaN,2019-03-13 03:35:17,-2441.600497685185,36.727662037037035,Transaction before account opening
TXNHUF9VBOMI9LZUW,ACCPZKGFNGR8NF8,CUS04YP5AB98Z8B,West Jason,718,2023-05-27 04:26:14,Business,6484.06,2025-11-23 22:57:00,"$8,065.41",8065.41,2019-03-13 10:17:18,-2447.5275694444445,911.7713657407407,Transaction before account opening
TXNS0TQCH3AHADI66,ACC16SPZQK56XYG,CUS07CVDEKNKOQC,Mayshire,797,2021-08-03 15:48:57,Savings,14104.81,2024-05-02 11:37:00,"$6,452.14",6452.14,2019-03-13 19:47:00,-1876.6597222222222,1002.8250347222222,Transaction before account opening
TXNHWMS7KF0LLEO7E,ACC8RQTRYMQURKL,CUS013H6Y8UAEJU,Port Casey,680,2024-02-16 03:23:39,Business,62709.97,2023-11-28 07:45:00,$391.99,391.99,2019-03-14 13:36:42,-1719.7557638888889,-79.81850694444445,Transaction before account opening
TXN9DEID1YUBZUIL4,ACCNQMEAJU0POQ4,CUS03SNPPEJR055,South Eddieshire,757,2024-07-31 19:30:04,Savings,141336.06,2021-10-05 07:46:00,"$3,307.34",3307.34,2019-03-14 16:03:09,-935.6547569444444,-1030.4889351851853,Transaction before account opening
TXND672NLZSU3PBZL,ACCSQMUED9NJ65L,CUS05D1O50UBZLQ,Gilbertside,670,2023-08-13 20:24:12,Savings,36456.52,2019-02-21 22:50:00,"$8,689.65",8689.65,2019-03-15 16:21:07,21.72994212962963,-1633.89875,Account opened before customer signup
TXNPYEQ4BJFTNFHNI,ACCYLJ2YBZNMRDW,CUS05JMUV050JFR,North Christian,849,2021-11-18 05:09:06,Checking,53683.31,2020-04-19 08:57:00,"$8,901.16",8901.16,2019-03-15 23:05:35,-400.4107060185185,-577.8417361111111,Transaction before account opening
TXNVI1JCK3MHI7L14,ACCX1GPH46MY2H4,CUS00AO13A3Q5FO,Sheriside,686,2019-05-27 09:28:46,Checking,103317.44,2023-11-08 18:36:00,"$2,288.98",2288.98,2019-03-16 11:14:35,-1698.3065393518518,1626.3800231481482,Transaction before account opening
TXNJJODGBPHC8K57H,ACCSQMUED9NJ65L,CUS05D1O50UBZLQ,Gilbertside,670,2023-08-13 20:24:12,Savings,36456.52,2019-02-21 22:50:00,"$4,698.79",4698.79,2019-03-16 16:47:10,22.748032407407408,-1633.89875,Account opened before customer signup
TXNYD7S5XTE2W84VH,ACCNOQA1TLUOOJK,CUS02XUUA5FJTDT,East Amanda,534,2025-08-27 03:16:29,Savings,51956.67,2024-08-09 16:45:00,"$5,273.72",5273.72,2019-03-16 16:58:29,-1972.9906365740742,-382.4385300925926,Transaction before account opening
TXNVZBYU3XSH3E3C7,ACCB0A3T1TL0QO3,CUS07YQ50RZUJZ3,Matthewshire,582,2022-05-06 09:29:40,Savings,106917.22,2024-02-09 19:11:00,"$1,226.64",1226.64,2019-03-16 18:46:23,-1791.0170949074075,644.4037037037037,Transaction before account opening
TXNTWIVE26DYQBSQ8,ACC12QFUA51AOIO,CUS02IHGW4J8V48,East Andrewberg,337,2022-07-06 09:13:34,Checking,87319.17,2024-12-28 00:53:00,"$4,670.73",4670.73,2019-03-17 05:48:31,-2112.7947800925926,905.6523842592593,Transaction before account opening
TXNRH2HP4KLITIVH9,ACCIOKPSJXKUB20,CUS02ZPMZRBEGLE,Alexanderbury,369,2025-10-19 10:31:11,Checking,76404.44,2020-04-03 23:11:00,"$8,967.14",8967.14,2019-03-17 09:53:29,-383.5538310185185,-2024.472349537037,Transaction before account opening
TXNJYHWUQ74B2N4DA,ACCBANKD5FU8Y1V,CUS044K0AUVG3DQ,Jessicaland,701,2020-07-12 07:52:17,Checking,189822.98,2024-05-01 14:05:00,"$3,373.25",3373.25,2019-03-17 15:44:06,-1871.9311805555556,1389.2588310185185,Transaction before account opening
TXNIKGPHHX9T1FLR0,ACC8PRJWZGHBV5N,CUS020B0FGCQQOR,Rachelberg,742,2021-07-02 01:05:37,Checking,74267.88,2020-05-06 03:45:00,$974.35,974.35,2019-03-18 18:26:17,-414.3879976851852,-421.8893171296296,Transaction before account opening
TXNPO3LLBH484U0XB,ACCB3N65H9WRQEE,CUS06WPX2CYOS0F,Jameshaven,331,2020-03-19 14:24:30,Savings,75955.5,2025-11-08 22:38:00,"$1,010.34",1010.34,2019-03-19 06:16:00,-2426.6819444444445,2060.342708333333,Transaction before account opening
TXNDQP6HSMMQXB9AF,ACCS3UCHUUO4ZPP,CUS07LRDXTKO9YR,Harveymouth,312,2024-02-13 20:06:02,Savings,152486.29,2020-08-08 04:09:00,"$9,006.15",9006.15,2019-03-20 02:25:52,-507.0716203703704,-1284.6646064814815,Transaction before account opening
TXNHF6OV8ZCDBTATH,ACCSPM2YI7RDC9S,CUS010D5XJQTVM2,Vasquezfurt,535,2023-10-20 17:13:18,Savings,111054.74,2020-06-13 23:38:00,"$5,869.40",5869.4,2019-03-20 02:55:42,-451.86270833333333,-1223.7328472222223,Transaction before account opening
TXNKMSX21CAE2ZUD1,ACCM5FP2ROQORZY,CUS02T16Z0466W5,West Marytown,460,2019-05-08 14:05:35,Savings,134177.59,2024-02-05 17:46:00,"$8,980.81",8980.81,2019-03-20 05:51:32,-1783.4961574074075,1734.1530671296296,Transaction before account opening
TXN402QO8ZH3EKJYD,ACCIY30ROHIU88M,CUS04CGDABRQDJI,Donnaton,544,2022-08-23 13:20:11,Savings,158554.61,2024-05-20 11:01:00,"$8,239.97",8239.97,2019-03-20 06:41:57,-1888.1798958333334,635.9033449074074,Transaction before account opening
TXNKIGB6P4FPLF4TG,ACCBANKD5FU8Y1V,CUS044K0AUVG3DQ,Jessicaland,701,2020-07-12 07:52:17,Checking,189822.98,2024-05-01 14:05:00,"$3,483.47",3483.47,2019-03-20 09:46:41,-1869.179386574074,1389.2588310185185,Transaction before account opening
TXNG063GWG2KN1RM6,ACCH1YWWW9TT0Q1,CUS023QWAFS5VB1,Ericberg,618,2025-10-15 07:39:21,Savings,81305.28,2021-08-04 04:22:00,"$9,617.00",9617.0,2019-03-20 11:34:49,-867.6994328703704,-1533.1370486111111,Transaction before account opening
TXNF97IEUY2P83CFK,ACCJY129MMC9C9Z,CUS04BNYSHT7Z7M,North Tonyabury,408,2023-03-29 11:31:12,Checking,114998.01,2019-03-13 17:07:00,$8.88,8.88,2019-03-21 07:15:56,7.589537037037037,-1476.7668055555555,Account opened before customer signup
TXN8STNZEH60ZPCG3,ACCZP5OF4YTOZRX,CUS00C73R0JMEJC,Ramirezstad,522,2021-03-11 14:06:19,Business,51583.43,2023-02-05 07:58:00,"$7,224.95",7224.95,2019-03-21 10:08:48,-1416.9091666666666,695.744224537037,Transaction before account opening
TXNTMWFQMH8KCVGOK,ACCF8N0E4IL21UL,CUS07D1A5XQ3IEC,Williebury,706,2022-04-01 00:03:50,Checking,65256.17,2025-08-06 20:13:00,"$3,438.47",3438.47,2019-03-21 19:30:30,-2330.0295138888887,1223.8396990740741,Transaction before account opening
TXN0FRIIDHZEZGXKH,ACC2AWHBG0I2VAY,CUS04YP5AB98Z8B,West Jason,718,2023-05-27 04:26:14,Savings,197531.21,2021-06-04 11:26:00,"$6,367.49",6367.49,2019-03-21 19:44:56,-805.6535185185185,-721.7084953703703,Transaction before account opening
TXNYA4BR13SARH1NO,ACCSQMUED9NJ65L,CUS05D1O50UBZLQ,Gilbertside,670,2023-08-13 20:24:12,Savings,36456.52,2019-02-21 22:50:00,"$6,094.10",6094.1,2019-03-21 22:34:46,27.989421296296296,-1633.89875,Account opened before customer signup
TXNR7222DQ4BL9FDD,ACC2W6IM09YY279,CUS073IOKSAKTTI,Brownville,605,2022-07-13 20:01:08,Savings,126286.72,2024-04-30 22:53:00,"$4,635.76",4635.76,2019-03-22 11:44:29,-1866.4642476851852,657.1193518518519,Transaction before account opening
TXNWZBD1LN63G7BGR,ACC9XKB7VJSKS6L,CUS016QA5GBYQFP,Simmonschester,550,2024-11-30 03:12:51,Checking,152231.29,2019-10-02 04:34:00,"$2,254.21",2254.21,2019-03-22 11:52:11,-193.6957060185185,-1885.9436458333332,Transaction before account opening
TXNWP1V3W8DHHDRGB,ACCZMCM7M2UM9DC,CUS03P24BX2144V,Coxshire,479,2024-04-13 21:27:42,Checking,163039.58,2021-10-21 14:08:00,"$8,027.29",8027.29,2019-03-25 06:57:41,-941.2988310185185,-905.3053472222222,Transaction before account opening
TXNJRXY3ZSXJ219XA,ACCFWGRJADKHAJC,CUS04F9UQH0AJ3X,Thomasfurt,450,2021-03-28 17:40:45,Checking,64811.35,2025-06-04 00:58:00,"$4,654.95",4654.95,2019-03-26 00:45:54,-2262.008402777778,1528.3036458333333,Transaction before account opening
TXNQ91DXS8VZCEK6Z,ACCWT0II61SGAY0,CUS00SCTYHTADEN,Jesseport,449,2025-11-22 00:53:00,Savings,115837.32,2025-05-15 01:00:00,"$9,541.08",9541.08,2019-03-26 09:37:50,-2241.6403935185185,-190.9951388888889,Transaction before account opening
TXN9705HYZ7HTPRNR,ACC8GIEY5KIXLCT,CUS0184XTGD0MA1,Barnesville,466,2024-02-06 08:20:48,Checking,141018.08,2023-01-26 11:39:00,"$8,453.22",8453.22,2019-03-27 16:43:57,-1400.7882291666667,-375.8623611111111,Transaction before account opening
TXNPWNCEPK3G68QFU,ACCWIQV1GZT26DT,CUS0545GN77K5Y0,Phamchester,603,2024-05-06 18:53:57,Savings,162815.09,2024-10-29 14:25:00,"$5,688.75",5688.75,2019-03-28 16:10:50,-2041.9265046296296,175.81322916666667,Transaction before account opening
TXNP3JKLFKNR2JNL7,ACCO1K35JPT19RS,CUS014L2GRMDN7Z,Perezchester,397,2022-11-11 20:28:16,Savings,182704.02,2020-07-05 15:05:00,"$9,971.99",9971.99,2019-03-28 18:47:37,-464.8454050925926,-859.2244907407407,Transaction before account opening
TXNHGOX33F3D1GOHT,ACC8LGW45AF86V5,CUS079MYVS07VT6,Shannonbury,539,2020-04-16 02:47:45,Business,133775.71,2024-01-08 22:06:00,"$6,490.67",6490.67,2019-03-29 18:24:22,-1746.1539120370371,1362.8043402777778,Transaction before account opening
TXNI9AIZO8NBQI3ML,ACCWBFUW5F7ZLR4,CUS03U5B3EGIK5A,North Jonathanmouth,632,2020-07-08 21:47:06,Savings,65142.68,2019-07-20 11:07:00,"$2,329.04",2329.04,2019-03-29 21:07:50,-112.58275462962963,-354.4445138888889,Transaction before account opening
TXNUGY2SFMGO8BBY4,ACC9FG9LHCINFXH,CUS05WTV72JH34L,Garrettton,600,2021-10-02 22:56:33,Business,8925.33,2020-03-08 13:49:00,NaN,NaN,2019-03-29 22:10:03,-344.6520486111111,-573.3802430555555,Transaction before account opening
TXNSZRLK4ZT0MAU3C,ACC2Y57KOX24RP1,CUS02QX5BMA711D,Milesborough,483,2023-04-29 18:24:19,Business,195215.96,2022-12-30 16:26:00,$567.06,567.06,2019-03-30 01:17:44,-1371.6307407407407,-120.08216435185186,Transaction before account opening
TXNME42KM5VIR5DF2,ACC7DAZNTH5VPTB,CUS039RA0CUEIVN,New Jeffreyburgh,457,2022-05-03 11:33:09,Savings,135852.12,2025-09-16 01:36:00,"$6,443.86",6443.86,2019-03-31 05:49:18,-2360.824097222222,1231.5853125,Transaction before account opening
TXNEBW8361J6WOIHK,ACCAMNOMDHRI3O1,CUS049LSRGYVW4D,Cindyland,456,2024-02-18 14:01:10,Savings,81079.39,2025-10-24 04:49:00,"$5,605.13",5605.13,2019-03-31 06:07:03,-2398.945798611111,613.6165509259259,Transaction before account opening
TXN3LR69GPN1GFA7V,ACCO0YSGK0VM1U8,CUS03YIOY5U04RI,East Crystalmouth,740,2020-10-17 13:51:39,Business,44788.87,2025-01-10 22:23:00,"$6,933.99",6933.99,2019-04-01 08:05:51,-2111.5952430555553,1546.3551041666667,Transaction before account opening
TXNPYYHA0UY75IR6U,ACCNALYKJOQQD14,CUS06ATN1VYTMIM,North Thomasburgh,472,2021-08-03 09:12:32,Savings,185624.5,2023-07-24 20:01:00,"$6,145.80",6145.8,2019-04-02 05:16:55,-1574.6139467592593,720.450324074074,Transaction before account opening
TXN6ZSTFCVPIYUMWQ,ACC4KVY0LDTASYN,CUS06LP1LGP14NV,Burkeborough,695,2021-12-30 02:52:49,Savings,53052.42,2019-06-17 06:03:00,"$6,686.37",6686.37,2019-04-02 06:26:55,-75.9833912037037,-926.8679282407408,Transaction before account opening
TXND6SXXWKHK08KX9,ACCHDGGLJ16JOVT,CUS01DDS123R4JZ,Port Sandraside,702,2025-02-27 18:49:52,Checking,172757.1,2024-04-17 14:14:00,"$6,968.28",6968.28,2019-04-02 23:22:26,-1841.6191435185185,-316.1915740740741,Transaction before account opening
TXNJF1X15Y7KVFZWA,ACCYHVSOAD9IXCB,CUS070D1W8PWI5H,West Matthew,787,2019-09-08 06:57:27,Savings,135979.84,2020-12-26 11:06:00,"$5,302.23",5302.23,2019-04-03 01:24:10,-633.404050925926,475.17260416666664,Transaction before account opening
TXNGRCY0MJUNIDG39,ACC0OHKDAMOA9LI,CUS07FUOXZVGDLD,Rebeccatown,587,2023-09-23 21:57:29,Checking,1203.58,2019-01-08 23:46:00,"$8,329.83",8329.83,2019-04-03 04:20:06,84.19034722222223,-1718.9246412037037,Account opened before customer signup
TXNJ9ACUR6RT3S6W7,ACC2KIQ0QJ8PJL7,CUS03N0IPI5HDP0,West Kayla,499,2019-12-24 20:00:29,Checking,13869.69,2025-12-09 00:21:00,"$5,793.97",5793.97,2019-04-03 13:34:05,-2441.449247685185,2176.1809143518517,Transaction before account opening
TXNT3GY6CI9TMS3C8,ACC73CHI4SR35TB,CUS00J9HGARKDPW,Thomaston,357,2021-02-05 12:27:00,Checking,141385.78,2021-10-17 23:53:00,"$9,479.44",9479.44,2019-04-04 05:10:57,-927.7792013888889,254.4763888888889,Transaction before account opening
TXN8LR78HLQ6JCGH1,ACCMUNC73OZ70DC,CUS078FTAJ5W2PF,South Williamchester,400,2021-11-21 18:18:16,Business,134845.87,2023-10-22 08:14:00,"$2,559.45",2559.45,2019-04-04 21:46:37,-1661.4356828703703,699.5803703703704,Transaction before account opening
TXNL3AOUZKLC3OUN4,ACCOXDZWN5T2J6O,CUS02N2EQWPSOJ5,Michaelland,428,2025-07-15 17:07:38,Checking,74014.87,2023-01-23 02:42:00,"$3,954.54",3954.54,2019-04-05 11:21:40,-1388.6391203703704,-904.6011342592593,Transaction before account opening
TXNE20S8JL0B36IJY,ACCHOAE2UIU5HVF,CUS06WTOSVI4DPU,Port Danny,395,2020-01-05 09:48:49,Savings,108026.71,2025-09-09 06:32:00,"$9,303.42",9303.42,2019-04-05 13:03:44,-2348.727962962963,2073.863321759259,Transaction before account opening
TXNSVV381NF37NGNG,ACCLZM01QDEPDDA,CUS04XM9H1NY7C3,North Bryanside,680,2020-08-04 21:08:19,Savings,71562.25,2022-11-04 06:53:00,"$3,964.77",3964.77,2019-04-05 23:01:38,-1308.327337962963,821.4060300925926,Transaction before account opening
TXNC3U9ZF2SBT3IU1,ACCQV30Z7132KLV,CUS07N7398LWLZF,Mcintoshmouth,704,2024-07-16 23:37:06,Business,116306.13,2023-10-13 08:03:00,"$7,749.48",7749.48,2019-04-07 14:31:04,-1649.7305092592592,-277.64868055555553,Transaction before account opening
TXNT2NYAKCL4XLYUC,ACC66UIZY6A5U83,CUS066JOF3V7NQ2,South Wendyside,829,2020-03-17 03:34:51,Checking,68766.07,2024-03-06 16:09:00,"$8,384.13",8384.13,2019-04-08 08:02:24,-1794.3379166666666,1450.5237152777777,Transaction before account opening
TXNRAE8SVCBPMOGLP,ACCO6VKLH0VOHNR,CUS03WXTJ3ISNIJ,East Russell,820,2020-02-21 19:10:23,Business,7644.72,2022-03-23 19:51:00,"$2,660.02",2660.02,2019-04-08 08:21:33,-1080.4787847222221,761.0282060185185,Transaction before account opening
TXN8VR7VHC6E7Z7N0,ACCQX7Y9T6H40DH,CUS06GJM01CB6QM,Lesterfort,705,2022-07-16 13:23:48,Business,92849.74,2023-04-28 15:04:00,"$6,719.81",6719.81,2019-04-08 09:49:49,-1481.2181828703704,286.06958333333336,Transaction before account opening
TXNGAUMIQIQOV0RRV,ACCBDHBH3UNN47T,CUS03G4H23TA015,Reedbury,779,2025-04-21 21:30:27,Checking,170944.69,2020-10-22 20:23:00,"$7,566.59",7566.59,2019-04-08 16:16:31,-563.1711689814815,-1642.0468402777778,Transaction before account opening
TXN2AGFVKLDIQUB8G,ACCKHH2QTAYCMLC,CUS04CG9HO6QAK7,Lake Soniafort,730,2019-02-12 07:38:09,Business,190188.38,2024-10-21 07:13:00,"$4,781.73",4781.73,2019-04-08 22:23:40,-2022.3675925925927,2077.982534722222,Transaction before account opening
TXNOH33CDVK19DM7V,ACC9AB5MS4EKWR2,CUS06GIJK1P92E7,Starkfurt,766,2021-02-04 05:31:42,Checking,189769.0,2025-06-13 23:15:00,"$6,349.75",6349.75,2019-04-08 23:22:43,-2257.994641203704,1590.7384027777778,Transaction before account opening
TXN3TKO911WXUWAMO,ACCIOKPSJXKUB20,CUS02ZPMZRBEGLE,Alexanderbury,369,2025-10-19 10:31:11,Checking,76404.44,2020-04-03 23:11:00,"$9,485.81",9485.81,2019-04-09 14:05:49,-360.378599537037,-2024.472349537037,Transaction before account opening
TXNWMXRM5J891WT55,ACCVM791CZOB5RM,CUS00J9HGARKDPW,Thomaston,357,2021-02-05 12:27:00,Checking,138879.91,2021-07-19 08:36:00,"$7,113.21",7113.21,2019-04-09 14:16:07,-831.7638078703703,163.83958333333334,Transaction before account opening
TXNBL0U11QJCB9DOZ,ACCOBCIB5R76III,CUS04A2RR4OL58H,Collinsmouth,352,2023-08-06 02:43:22,Savings,90820.64,2021-10-10 07:23:00,$102.76,102.76,2019-04-10 12:27:07,-913.7888078703704,-664.8058101851852,Transaction before account opening
TXNSZ8GWYGYZAST1D,ACCQX7Y9T6H40DH,CUS06GJM01CB6QM,Lesterfort,705,2022-07-16 13:23:48,Business,92849.74,2023-04-28 15:04:00,"$6,581.26",6581.26,2019-04-10 15:20:03,-1478.9888541666667,286.06958333333336,Transaction before account opening
TXNUKH5HGD9LFVA3C,ACCYEDT0JZ9M3G4,CUS00OZ4U8N2LR4,Kevinberg,619,2025-04-30 15:38:26,Savings,103015.45,2021-06-05 03:24:00,"$6,024.92",6024.92,2019-04-10 16:51:46,-786.4390509259259,-1425.510023148148,Transaction before account opening
TXNT2O9T14Q6TAZWR,ACCGPJ030AZKFHS,CUS04MWEV3YB1RZ,North Catherineside,774,2025-08-03 17:26:53,Checking,54925.25,2019-02-13 13:38:00,"$5,797.78",5797.78,2019-04-11 17:41:47,57.16929398148148,-2363.1589467592594,Account opened before customer signup
TXN0579M564P2YKW6,ACC91CWL5E2Y9DX,CUS061ZV5E8TWGE,Kingstad,819,2022-10-31 14:39:53,Business,3842.83,2024-08-17 01:52:00,"$6,126.05",6126.05,2019-04-11 19:46:07,-1954.2540856481482,655.4667476851852,Transaction before account opening
TXNLZUJMG3KJR9J6I,ACCJLGAFXG21P6W,CUS06E8KI4C6L1B,Robertshaven,845,2022-09-18 16:31:47,Savings,159408.92,2021-04-20 23:49:00,"$5,676.31",5676.31,2019-04-11 22:14:50,-740.0653935185185,-515.6963773148149,Transaction before account opening
TXN20YCLACNKEUQUG,ACC0OHKDAMOA9LI,CUS07FUOXZVGDLD,Rebeccatown,587,2023-09-23 21:57:29,Checking,1203.58,2019-01-08 23:46:00,"$5,403.52",5403.52,2019-04-12 12:23:43,93.52619212962964,-1718.9246412037037,Account opened before customer signup
TXNSVNXL7WYX6N1UM,ACC4UF6L00OLFYP,CUS013XRIMYMKRC,North Christinaburgh,640,2020-02-12 10:44:23,Checking,37701.42,2022-12-17 17:21:00,"$2,592.07",2592.07,2019-04-13 04:14:29,-1344.5461921296296,1039.2754282407407,Transaction before account opening
TXNOPBNNE1R174IM5,ACCRR1OIK7SCRXS,CUS0184XTGD0MA1,Barnesville,466,2024-02-06 08:20:48,Business,24060.91,2024-01-17 00:42:00,"$8,027.73",8027.73,2019-04-13 10:36:04,-1739.5874537037037,-20.31861111111111,Transaction before account opening
TXNFU1WJXPDMX9OEP,ACCCDQPQ8G0MPT0,CUS04F9UQH0AJ3X,Thomasfurt,450,2021-03-28 17:40:45,Business,77617.25,2023-10-31 01:17:00,"$2,034.01",2034.01,2019-04-13 23:35:57,-1661.0701736111112,946.3168402777778,Transaction before account opening
TXNFLIKV1YPUFJO2I,ACCSQMUED9NJ65L,CUS05D1O50UBZLQ,Gilbertside,670,2023-08-13 20:24:12,Savings,36456.52,2019-02-21 22:50:00,"$5,378.19",5378.19,2019-04-14 10:01:13,51.466122685185184,-1633.89875,Account opened before customer signup
TXN5AT7KIE9ODHB4F,ACC67KEM3SR0EA2,CUS0184XTGD0MA1,Barnesville,466,2024-02-06 08:20:48,Savings,160743.67,2020-11-30 16:11:00,"$9,719.90",9719.9,2019-04-14 13:09:25,-596.126099537037,-1162.6734722222222,Transaction before account opening
TXN53R7PCLK7W7MWN,ACCHKWVJ867T36S,CUS06I5245EHJZP,Harringtonland,524,2020-11-30 14:01:57,Savings,87335.69,2023-03-21 11:40:00,NaN,NaN,2019-04-15 02:37:20,-1436.3768518518518,840.9014236111111,Transaction before account opening
TXNKCUQKBWJ4OAKHD,ACCM5RLOEJ49ZIF,CUS03P24BX2144V,Coxshire,479,2024-04-13 21:27:42,Checking,173275.94,2021-03-27 19:34:00,"$7,413.64",7413.64,2019-04-15 23:40:37,-711.828738425926,-1113.0789583333333,Transaction before account opening
TXNB872B1EJPZO0PY,ACC9N1M5Z9M2BJ3,CUS02MP2JOCH6PC,Hollymouth,449,2020-09-13 06:40:23,Savings,87774.98,2019-08-24 03:57:00,"$2,903.62",2903.62,2019-04-16 15:28:09,-129.52003472222222,-386.11346064814813,Transaction before account opening
TXNGOHEF9H95T1GB0,ACCZTQ0CTE3H85D,CUS02MP2JOCH6PC,Hollymouth,449,2020-09-13 06:40:23,Checking,33176.85,2019-08-07 10:08:00,"$1,162.23",1162.23,2019-04-16 17:34:48,-112.68972222222222,-402.85582175925924,Transaction before account opening
TXNN5VLRZE61YEYC7,ACCNTOLJULQ4EIF,CUS03EM58DQRDZC,West John,548,2021-08-18 15:06:23,Checking,1704.88,2019-07-11 12:50:00,"$8,737.76",8737.76,2019-04-17 13:49:42,-84.95854166666666,-769.0947106481482,Transaction before account opening
TXNDXOV8X4K7PSY5Z,ACCSB2H3OYIULXB,CUS03P9FR26X4KY,Port Joshua,338,2024-09-18 01:03:47,Business,28126.39,2019-10-19 12:55:00,$102.56,102.56,2019-04-17 14:12:02,-184.94650462962963,-1795.506099537037,Transaction before account opening
TXNANJ5GDHBLSLDWH,ACCY0F2GIO3Q3RX,CUS02YA7HZS3K1X,Pattersonland,704,2022-11-11 08:28:50,Checking,76802.18,2019-04-12 22:28:00,"$2,136.70",2136.7,2019-04-17 23:12:16,5.0307407407407405,-1308.4172453703704,Account opened before customer signup
TXNH4VN4D700TRZ3E,ACCAU2DO3662QGC,CUS06KR3N0HYTBA,Michaelland,431,2021-09-02 06:44:28,Savings,97423.13,2022-05-09 00:48:00,"$5,800.62",5800.62,2019-04-18 08:44:14,-1116.6692824074073,248.7524537037037,Transaction before account opening
TXNZVK41PN4XA1XU8,ACC1L3RLG8YLFYJ,CUS07FUOXZVGDLD,Rebeccatown,587,2023-09-23 21:57:29,Savings,169848.26,2022-02-25 12:22:00,"$9,210.45",9210.45,2019-04-18 09:01:22,-1044.1393287037038,-575.3996412037037,Transaction before account opening
TXN4HYZ0G08S9FZX2,ACCQV30Z7132KLV,CUS07N7398LWLZF,Mcintoshmouth,704,2024-07-16 23:37:06,Business,116306.13,2023-10-13 08:03:00,"$2,436.63",2436.63,2019-04-18 13:19:22,-1638.780300925926,-277.64868055555553,Transaction before account opening
TXNUL22DXH8YJRKY5,ACCGE0NVVBYB7NH,CUS025KGSCZ624I,Murphymouth,305,2020-04-22 00:00:27,Checking,64718.09,2021-03-26 18:02:00,"$5,945.92",5945.92,2019-04-18 15:05:44,-708.1224074074074,338.75107638888886,Transaction before account opening
TXNSP6HKMNMNI3IVR,ACCA1ORZ4QG44N6,CUS00J9HGARKDPW,Thomaston,357,2021-02-05 12:27:00,Savings,24178.61,2019-11-23 17:37:00,"$2,539.37",2539.37,2019-04-19 01:25:58,-218.6743287037037,-439.78472222222223,Transaction before account opening
TXN99FJUC82M45MM5,ACCCZW3NWYCDBY4,CUS04FCUOSC6HRQ,South Davidland,666,2021-02-28 17:48:59,Business,23662.12,2023-11-01 05:01:00,"$3,569.25",3569.25,2019-04-19 04:06:36,-1657.0377777777778,975.4666782407407,Transaction before account opening
TXNCPUXBDIX3ETBIC,ACC1T3Y4RMAAOUX,CUS06IHF0CDOZ9A,East Mistyton,454,2023-02-25 23:59:05,Business,142287.54,2023-10-14 19:39:00,"$5,118.35",5118.35,2019-04-19 13:34:42,-1639.252986111111,230.8193865740741,Transaction before account opening
TXN6RXN2SAZCT6S7P,ACCFZK93HE5E2D6,CUS00SCTYHTADEN,Jesseport,449,2025-11-22 00:53:00,Business,38435.98,2025-10-03 01:48:00,"$2,052.84",2052.84,2019-04-19 18:46:36,-2358.292638888889,-49.96180555555556,Transaction before account opening
TXNQH5036AM7ORIOP,ACCE3SFWLSKIC0U,CUS02REUAIUNL09,East Hollyburgh,660,2020-03-25 06:10:51,Savings,56531.1,2023-06-27 10:22:00,$58.94,58.94,2019-04-19 23:59:17,-1529.4324421296296,1189.1744097222222,Transaction before account opening
TXNA7L99G24X01JCF,ACC2Y57KOX24RP1,CUS02QX5BMA711D,Milesborough,483,2023-04-29 18:24:19,Business,195215.96,2022-12-30 16:26:00,"$5,961.60",5961.6,2019-04-21 03:46:54,-1349.5271527777777,-120.08216435185186,Transaction before account opening
TXN741QSTPC0E0088,ACC6YZYFP0RX5KQ,CUS02M2WDUDI2LY,Riceport,543,2023-03-10 18:02:27,Business,30246.17,2023-06-24 14:10:00,"$9,742.52",9742.52,2019-04-21 06:05:23,-1525.3365393518518,105.8385763888889,Transaction before account opening
TXNQQF10MRWQNWI84,ACCWCRKI5YIMYU3,CUS00IRYWKCIAI3,Thomasville,763,2024-05-14 15:07:33,Business,21349.28,2019-07-18 21:10:00,"$8,443.47",8443.47,2019-04-21 23:34:13,-87.89984953703704,-1761.748298611111,Transaction before account opening
TXN2LSNNWGC2GVUSH,ACCB8MS9Z8SOCIA,CUS03WXTJ3ISNIJ,East Russell,820,2020-02-21 19:10:23,Business,155374.77,2025-05-22 17:28:00,"$5,940.02",5940.02,2019-04-22 11:05:55,-2222.2653356481483,1916.928900462963,Transaction before account opening
TXN6K625QASQLWLEB,ACCP20SN5XD2S4C,CUS007GCM2J726A,Lake Blaketown,492,2024-04-29 23:10:15,Checking,60598.31,2023-12-13 13:58:00,"$4,311.43",4311.43,2019-04-22 12:12:35,-1696.0732060185185,-138.38350694444443,Transaction before account opening
TXN0U0S8J6JRV3ZZE,ACCIS5D2BYD480Q,CUS012NIAZPT8V0,North Stacychester,710,2020-07-15 17:19:50,Business,194436.61,2020-05-09 02:34:00,"$9,911.36",9911.36,2019-04-23 17:36:44,-381.37310185185186,-67.61516203703704,Transaction before account opening
TXN7D9K0CN7QQKRF9,ACCBO0YRAOTJU3I,CUS004THQ8NDQW3,Port Faithstad,636,2024-01-01 18:57:58,Business,131026.41,2022-06-25 13:11:00,"$3,037.74",3037.74,2019-04-23 22:30:31,-1158.6114467592593,-555.240949074074,Transaction before account opening
TXN1GPS7KC2TGNUAK,ACCFZK93HE5E2D6,CUS00SCTYHTADEN,Jesseport,449,2025-11-22 00:53:00,Business,38435.98,2025-10-03 01:48:00,"$1,604.87",1604.87,2019-04-24 16:25:12,-2353.3908333333334,-49.96180555555556,Transaction before account opening
TXN7YL50LCRK5PCR8,ACCVDBPJMU8P0XB,CUS02D8VJLZF31E,New Colleenfurt,428,2019-06-05 00:14:06,Checking,158432.81,2024-04-06 09:12:00,"$9,549.07",9549.07,2019-04-25 05:54:13,-1808.137349537037,1767.3735416666666,Transaction before account opening
TXNGTNDIB2LFLEUJ7,ACCKG67XWW10YIO,CUS04DBO6BZ2RU3,Allentown,398,2025-06-22 20:48:40,Checking,132234.09,2025-08-17 09:12:00,"$7,875.64",7875.64,2019-04-25 06:15:04,-2306.1228703703705,55.5162037037037,Transaction before account opening
TXN2H46T4SOHVODQE,ACC2YVHGQTV6D2O,CUS04WLUUG24UWZ,Anthonyberg,612,2022-08-12 02:09:59,Savings,95516.12,2022-02-28 08:31:00,"$8,922.21",8922.21,2019-04-25 08:54:48,-1039.9834722222222,-164.7354050925926,Transaction before account opening
TXN6L46H6J3YD8XH9,ACCFFAC9GDWFJN3,CUS04A2RR4OL58H,Collinsmouth,352,2023-08-06 02:43:22,Savings,76746.37,2023-11-28 17:20:00,"$8,750.98",8750.98,2019-04-25 14:46:47,-1678.106400462963,114.60877314814815,Transaction before account opening
TXNCA2GOKX2419ORG,ACCNJ652GRKULWU,CUS03GD9U4OFIAL,Kellychester,488,2023-12-12 02:25:36,Savings,108971.67,2020-05-17 16:48:00,"$9,192.05",9192.05,2019-04-27 01:18:13,-386.64568287037036,-1303.401111111111,Transaction before account opening
TXNHCHBLFF1IPTUZC,ACCDAJR8REU81YT,CUS012NIAZPT8V0,North Stacychester,710,2020-07-15 17:19:50,Business,5082.35,2022-09-30 05:24:00,"$6,644.70",6644.7,2019-04-27 01:39:20,-1252.1560185185185,806.5028935185185,Transaction before account opening
TXN05U13WX6F9NKH2,ACCY98RS1AQKGKO,CUS00IRYWKCIAI3,Thomasville,763,2024-05-14 15:07:33,Savings,84340.31,2022-12-21 15:43:00,"$1,998.80",1998.8,2019-04-27 01:41:53,-1334.5841087962963,-509.97538194444445,Transaction before account opening
TXN7XOG4NFDLLNPV9,ACCUKX64KAZ2AFL,CUS023QWAFS5VB1,Ericberg,618,2025-10-15 07:39:21,Checking,44848.56,2025-10-31 01:51:00,"$9,497.45",9497.45,2019-04-27 04:53:48,-2378.8730555555558,15.758090277777777,Transaction before account opening
TXNI1VXGPGPV2EEGF,ACCBUHV8WKFKV6P,CUS002V4AVJO5UQ,North Michaelport,510,2019-09-13 07:46:29,Checking,178960.28,2019-12-25 14:23:00,"$1,188.75",1188.75,2019-04-27 21:14:16,-241.71439814814815,103.2753587962963,Transaction before account opening
TXNBW2WDN9XSDMV4W,ACCSQMUED9NJ65L,CUS05D1O50UBZLQ,Gilbertside,670,2023-08-13 20:24:12,Savings,36456.52,2019-02-21 22:50:00,"$2,845.90",2845.9,2019-04-28 12:39:14,65.57585648148148,-1633.89875,Account opened before customer signup
TXNELL3SZH5G8LOXN,ACCY2YYTGJCTPZJ,CUS00YEH8UXZ3AD,Lake Benjamin,511,2022-10-21 00:17:29,Checking,100895.25,2022-09-24 02:41:00,$343.31,343.31,2019-04-28 16:37:01,-1244.4194328703704,-26.900335648148147,Transaction before account opening
TXNN37NIOPDNAW4Q3,ACCOZFFTH7A6MMQ,CUS04F9UQH0AJ3X,Thomasfurt,450,2021-03-28 17:40:45,Checking,113867.32,2020-10-23 15:37:00,"$8,405.05",8405.05,2019-04-29 03:30:04,-543.5048148148148,-156.0859375,Transaction before account opening
TXN4HIQAXZJ1F4Y1X,ACC2CXA94LPVKVL,CUS02UQ2RZSH856,Ashleyberg,572,2020-06-12 13:56:00,Business,87479.09,2020-02-29 14:51:00,"$2,238.77",2238.77,2019-04-30 01:03:21,-305.57475694444446,-103.96180555555556,Transaction before account opening
TXNSF0X2RWMEB6596,ACC4DLKFJ9ESSG6,CUS04DBO6BZ2RU3,Allentown,398,2025-06-22 20:48:40,Business,59907.9,2019-09-17 08:34:00,NaN,NaN,2019-04-30 10:35:59,-139.91528935185184,-2105.510185185185,Transaction before account opening
TXNDDSPV8Q7CLK5I3,ACCXBSOSM3IQSUC,CUS04CG9HO6QAK7,Lake Soniafort,730,2019-02-12 07:38:09,Checking,21308.95,2021-06-24 17:56:00,"$2,462.51",2462.51,2019-04-30 14:01:15,-786.1630208333333,863.4290625,Transaction before account opening
TXN6KF1YQ5LUV1H8P,ACCNQMEAJU0POQ4,CUS03SNPPEJR055,South Eddieshire,757,2024-07-31 19:30:04,Savings,141336.06,2021-10-05 07:46:00,"$6,950.13",6950.13,2019-05-01 08:21:53,-887.9750810185185,-1030.4889351851853,Transaction before account opening
TXNZBXV6IZY413IQV,ACCEQ52FFY3A3JQ,CUS0545GN77K5Y0,Phamchester,603,2024-05-06 18:53:57,Business,57645.86,2019-07-12 14:41:00,"$3,240.81",3240.81,2019-05-01 19:49:16,-71.78592592592592,-1760.1756597222222,Transaction before account opening
TXNGOMXB7EQ63F7IE,ACC17EZ4TDH7VWE,CUS06ATN1VYTMIM,North Thomasburgh,472,2021-08-03 09:12:32,Savings,170091.45,2020-11-21 09:31:00,"$4,669.65",4669.65,2019-05-01 22:50:18,-569.4449305555555,-254.98717592592592,Transaction before account opening
TXNT58NUF4F8E8HY4,ACCLSKH56RYQJD4,CUS01PCADRQUANW,South Rachelchester,819,2021-09-12 07:06:15,Savings,177713.54,2023-05-30 12:53:00,"$5,202.99",5202.99,2019-05-02 17:32:09,-1488.8061458333334,625.2407986111111,Transaction before account opening
TXNVK78UCCIUKNSBW,ACCRFW81AX03LOY,CUS02QX5BMA711D,Milesborough,483,2023-04-29 18:24:19,Business,21098.15,2020-10-16 15:40:00,$500.05,500.05,2019-05-02 21:47:21,-532.7448958333333,-925.1141087962963,Transaction before account opening
TXNY8PEZOOOUV0SR8,ACCU21QSEAIRH8D,CUS07140K36FAOP,Ruizton,784,2021-12-18 03:39:51,Savings,8057.01,2025-03-19 21:34:00,"$9,816.52",9816.52,2019-05-02 22:47:40,-2147.9488425925924,1187.7459375,Transaction before account opening
TXNO3K8GR5HC0O967,ACCSCC22SSEPTX8,CUS06I5245EHJZP,Harringtonland,524,2020-11-30 14:01:57,Savings,42164.52,2023-06-14 04:55:00,"$7,136.36",7136.36,2019-05-03 11:59:52,-1502.7049537037037,925.6201736111111,Transaction before account opening
TXNA5JL9J9AX3S5NN,ACCDFUBYM0ELOYI,CUS02TWKCAITNWZ,Port Sydneyton,326,2025-06-13 10:26:05,Checking,20239.51,2020-06-28 13:11:00,"$3,770.39",3770.39,2019-05-03 13:54:13,-421.9699884259259,-1810.885474537037,Transaction before account opening
TXNBMW1L3K004SF2K,ACC5ABXXJSL3MGP,CUS03P9FR26X4KY,Port Joshua,338,2024-09-18 01:03:47,Checking,191297.02,2025-05-15 16:08:00,"$5,712.23",5712.23,2019-05-04 01:56:53,-2203.5910532407406,239.62792824074074,Transaction before account opening
TXN2G3SGAN70UHAR0,ACC1XU3ILSHCEBJ,CUS06GJM01CB6QM,Lesterfort,705,2022-07-16 13:23:48,Business,198714.13,2022-05-01 03:20:00,"$4,689.63",4689.63,2019-05-04 19:44:51,-1092.3160763888889,-76.41930555555555,Transaction before account opening
TXNULG9ZU9PJH6OEA,ACCT1EXTUFGRWTJ,CUS06WPX2CYOS0F,Jameshaven,331,2020-03-19 14:24:30,Business,137678.1,2023-07-12 01:39:00,"$2,619.93",2619.93,2019-05-05 11:30:45,-1528.5890625,1209.4684027777778,Transaction before account opening
TXNENB5RYRBZK99S9,ACCUQTXGREVDSNP,CUS06GJM01CB6QM,Lesterfort,705,2022-07-16 13:23:48,Savings,158831.08,2024-07-24 19:26:00,"$8,989.40",8989.4,2019-05-06 02:48:53,-1906.6924421296296,739.2515277777778,Transaction before account opening
TXNKEHTAOHTF9DQUX,ACCGE0NVVBYB7NH,CUS025KGSCZ624I,Murphymouth,305,2020-04-22 00:00:27,Checking,64718.09,2021-03-26 18:02:00,"$3,854.62",3854.62,2019-05-06 05:29:49,-690.522349537037,338.75107638888886,Transaction before account opening
TXNVRVPD18YSIRJIZ,ACC1ZJN8SMXJH7J,CUS025KGSCZ624I,Murphymouth,305,2020-04-22 00:00:27,Checking,117393.81,2023-04-07 01:21:00,"$4,431.89",4431.89,2019-05-06 06:22:25,-1431.7906828703703,1080.0559375,Transaction before account opening
TXN06VD6B6UIM94V2,ACC1IK9E344IVND,CUS021EHTXAX25R,Lake Justin,374,2021-12-21 22:59:44,Savings,66681.28,2019-05-09 17:51:00,"$9,493.45",9493.45,2019-05-07 15:39:49,-2.091099537037037,-957.2143981481481,Transaction before account opening
TXNZD09DXB2V7SORB,ACCHKWVJ867T36S,CUS06I5245EHJZP,Harringtonland,524,2020-11-30 14:01:57,Savings,87335.69,2023-03-21 11:40:00,"$3,821.39",3821.39,2019-05-07 23:02:47,-1413.5258449074074,840.9014236111111,Transaction before account opening
TXNGH2Y32JIE8R7T4,ACCDL1Y3BA8BRQS,CUS066JOF3V7NQ2,South Wendyside,829,2020-03-17 03:34:51,Business,88066.87,2020-10-12 08:50:00,"$7,378.04",7378.04,2019-05-08 07:44:48,-523.0452777777778,209.21885416666666,Transaction before account opening
TXN8PD3SW13DWJSGK,ACCMQIGA3K0ICZ3,CUS05GLXSKT03Y0,Norrisport,615,2021-12-01 18:49:12,Checking,144176.11,2023-03-24 00:08:00,"$7,065.20",7065.2,2019-05-08 09:55:50,-1415.5917824074074,477.2213888888889,Transaction before account opening
TXNDEZ69H529L37Y9,ACC98YVF0NDMU6J,CUS01J9R3VF0R5W,East Dianehaven,682,2021-08-01 21:17:01,Checking,154046.9,2023-03-28 01:20:00,"$7,367.39",7367.39,2019-05-08 12:34:37,-1419.5315162037036,603.1687384259259,Transaction before account opening
TXNLDI5TFB18BEI4N,ACCPLU24PKCZMNC,CUS03N0IPI5HDP0,West Kayla,499,2019-12-24 20:00:29,Business,63287.03,2021-04-16 23:38:00,"$5,697.76",5697.76,2019-05-08 22:04:49,-709.0647106481481,479.15105324074074,Transaction before account opening
TXNSWSS557SKSZB30,ACCIOKPSJXKUB20,CUS02ZPMZRBEGLE,Alexanderbury,369,2025-10-19 10:31:11,Checking,76404.44,2020-04-03 23:11:00,"$9,263.47",9263.47,2019-05-09 00:53:28,-330.9288425925926,-2024.472349537037,Transaction before account opening
TXN4FMCIP5NSVX0ED,ACCD2XYMIEN1112,CUS03FNZTE5XXUG,West Michaelmouth,535,2021-02-01 16:14:26,Checking,44199.93,2019-02-05 11:54:00,"$1,374.30",1374.3,2019-05-09 03:47:20,92.66203703703704,-727.1808564814814,Account opened before customer signup
TXNVR9WPYOVC7R54M,ACCCXB2SQBT7DY0,CUS02G08L63KY75,East Victoria,569,2023-10-13 15:33:50,Checking,147059.02,2025-09-17 06:07:00,$422.75,422.75,2019-05-09 09:14:50,-2322.869560185185,704.6063657407408,Transaction before account opening
TXNH99W5V4EI6N5AB,ACC5C9TDGJIDLCD,CUS03EC0SVLIIQ7,Port Laura,676,2024-11-10 06:20:36,Savings,177165.28,2019-07-23 01:32:00,"$3,056.40",3056.4,2019-05-09 12:56:18,-74.52479166666667,-1937.2004166666666,Transaction before account opening
TXNAL76AECMW3Q14M,ACCSB4OLLEU1YZH,CUS06DIMQZ300WZ,Danielmouth,655,2024-01-29 23:46:49,Savings,70406.06,2020-10-18 12:03:00,"$6,637.53",6637.53,2019-05-10 03:13:02,-527.3680324074074,-1198.488761574074,Transaction before account opening
TXNH12A2Q64N44D34,ACC7AS993CUS43T,CUS01QF9KNJXV0D,West Lisa,577,2024-05-10 10:58:47,Business,171211.99,2024-10-27 10:47:00,"$9,873.39",9873.39,2019-05-10 10:17:46,-1997.020300925926,169.99181712962962,Transaction before account opening
TXNQ08RXDLQIUPJ1Q,ACCFFAC9GDWFJN3,CUS04A2RR4OL58H,Collinsmouth,352,2023-08-06 02:43:22,Savings,76746.37,2023-11-28 17:20:00,"$9,136.62",9136.62,2019-05-11 00:26:15,-1662.7039930555557,114.60877314814815,Transaction before account opening
TXNP28MAOI4NB5E5V,ACCZ2FWYZW7MOXC,CUS04IHOENWAGOJ,Shannonville,401,2021-08-26 14:07:25,Checking,98860.65,2021-03-05 14:55:00,"$9,630.25",9630.25,2019-05-11 02:58:11,-664.4977893518519,-173.96695601851852,Transaction before account opening
TXN0MXSQDIQ9OTE08,ACCC3OMOKEZA0ZF,CUS04XM9H1NY7C3,North Bryanside,680,2020-08-04 21:08:19,Business,53052.97,2023-02-18 06:00:00,"$9,560.71",9560.71,2019-05-12 05:24:20,-1378.0247685185186,927.369224537037,Transaction before account opening
TXN629ASKB4S1HBAM,ACCXMJAYAHHW89A,CUS04YP5AB98Z8B,West Jason,718,2023-05-27 04:26:14,Savings,154339.87,2020-04-19 03:33:00,"$9,511.49",9511.49,2019-05-12 05:57:20,-342.8997685185185,-1133.0369675925926,Transaction before account opening
TXN7QH1F3MVZO20O1,ACCIV7DXETPUGGQ,CUS05KHJUATC87F,North Christinahaven,676,2022-11-10 06:33:32,Checking,148665.37,2025-05-14 22:05:00,"$9,958.74",9958.74,2019-05-12 11:45:48,-2194.43,916.6468518518518,Transaction before account opening
TXNVEHW2V219YW0BH,ACCNQMEAJU0POQ4,CUS03SNPPEJR055,South Eddieshire,757,2024-07-31 19:30:04,Savings,141336.06,2021-10-05 07:46:00,"$9,559.01",9559.01,2019-05-12 19:21:48,-876.5168055555556,-1030.4889351851853,Transaction before account opening
TXNUOM4EMB6OZPH88,ACC9XCEHPJON7WP,CUS02SJQ7OLO173,New Sandra,731,2025-07-22 18:34:15,Business,62793.71,2023-11-09 21:59:00,"$1,007.76",1007.76,2019-05-12 20:30:25,-1642.0615162037036,-620.8578125,Transaction before account opening
TXN9LJ7P32QPKGRDZ,ACCY0TJ0L10AGV6,CUS00BGBB1R3YQS,South Valerie,748,2021-12-21 06:39:33,Savings,86233.12,2024-12-06 21:01:00,"$3,208.26",3208.26,2019-05-13 10:07:10,-2034.454050925926,1081.5982291666667,Transaction before account opening
TXNU689IFFCQW4QN2,ACCXBSOSM3IQSUC,CUS04CG9HO6QAK7,Lake Soniafort,730,2019-02-12 07:38:09,Checking,21308.95,2021-06-24 17:56:00,"$2,594.00",2594.0,2019-05-13 15:44:19,-773.0914467592593,863.4290625,Transaction before account opening
TXN62IK5VZ00OLXC5,ACCXK7JZ0R4JMER,CUS069XU8SO2HSM,New Paulmouth,723,2020-08-12 21:24:31,Savings,57084.45,2024-06-03 19:30:00,NaN,NaN,2019-05-13 21:05:12,-1847.933888888889,1390.920474537037,Transaction before account opening
TXNT8FL0WGH1HG53M,ACCWU288D1Z9E5R,CUS069XU8SO2HSM,New Paulmouth,723,2020-08-12 21:24:31,Checking,146.54,2022-01-25 03:37:00,"$9,365.54",9365.54,2019-05-13 21:55:24,-987.2372222222223,530.2586689814815,Transaction before account opening
TXNUKNVKNUSSKI665,ACCWBFUW5F7ZLR4,CUS03U5B3EGIK5A,North Jonathanmouth,632,2020-07-08 21:47:06,Savings,65142.68,2019-07-20 11:07:00,"$9,554.37",9554.37,2019-05-14 03:29:45,-67.31753472222222,-354.4445138888889,Transaction before account opening
TXN82A6J7O0UMQG6E,ACCXMJAYAHHW89A,CUS04YP5AB98Z8B,West Jason,718,2023-05-27 04:26:14,Savings,154339.87,2020-04-19 03:33:00,"$7,592.72",7592.72,2019-05-16 22:01:37,-338.2301273148148,-1133.0369675925926,Transaction before account opening
TXNNU9A5LF7SM1YXM,ACCOIL2Z431MWJW,CUS00RD5H4TVSDK,West Kayla,467,2020-12-15 03:07:52,Checking,44793.73,2024-11-04 16:38:00,"$2,843.06",2843.06,2019-05-17 14:47:20,-1998.0768518518519,1420.5625925925926,Transaction before account opening
